meso_pid,thermo_pid,functional,score
A0A1G9A160,A0A223EWD1,True,1.0
W1SGE5,A0A226QC43,False,0.5
A0A0M0LDJ8,A0A226QEH4,True,1.0
A0A220MPB1,A0A226QBW7,True,1.0
A0A0C2VX49,A0A226Q9C2,True,1.0
A0A8B5Y312,A0A226Q9C1,False,0.0
A0A845F4Y4,A0A226Q495,True,1.0
D3FYD7,A0A226Q5X6,False,0.5
A0A0F7HL88,A0A226Q3Q6,False,0.5
I2C814,A0A226QBX4,True,1.0
A0A917XWV3,A0A226Q2Z5,True,1.0
A0A220MNR1,A0A1W6VX41,True,1.0
A0A2J6NIC4,A0A226QA96,True,1.0
A0A845F0J2,A0A1W6VN07,True,0.6666666666666666
A0A163LX75,A0A1W6VWS0,True,1.0
A0A1I1UW47,A0A165YM83,True,1.0
A0A1G9KR55,A0A165Y130,True,1.0
A0A917UX60,A0A165YFE1,False,0.5
A0A1I2F5Y9,A0A165WKP7,True,1.0
W7AZP1,A0A165YA44,True,1.0
A0A1J6W0T1,A0A165XJL6,True,1.0
A0A6I2M3P7,A0A165Z4X7,True,1.0
A0A428NAN0,A0A165WU46,False,0.5
A0A0R1KHS8,A0A165Y3B7,True,1.0
A0A0A0WS42,A0A165YRJ1,True,1.0
A0A917TH97,Q5KXM2,True,1.0
A0A7X2Z8N3,Q5KVH9,True,1.0
A0A921GXU8,Q5KVM5,True,1.0
A0A0R1YTC3,Q5L0Q5,True,0.6666666666666666
A0A3E0AVZ1,Q5KZD8,False,0.5
A0A1N7IZ08,Q5KYL8,True,1.0
A0A0R1RDD3,Q5KXZ4,True,1.0
B9JC20,A0A4R3MIJ0,True,1.0
A0A0M9DGY9,A0A540V1F3,True,1.0
W4QKZ1,A0A540V5M9,False,0.5
A0A4Z0GZD9,A0A540V3D2,True,1.0
A0A1H9ILK4,A0A2T0LBT3,True,1.0
M5P2K6,A0A540V5I8,False,0.3333333333333333
A0A7Y7B3N3,D1A6D9,True,1.0
A0A4Q7M0X2,D1ABG4,False,0.5
A0A1N6N998,A0A150L5U8,True,1.0
A0A5J6GV63,D1ADA9,False,0.5
A0A4U5W5G6,D1A3X7,True,1.0
A0A918AZ67,D1A233,True,1.0
A0A3A1US45,A0A150M353,True,1.0
A0A3B7QIV8,D1A3H2,True,1.0
A0A366K080,A0A150L3C8,True,1.0
A0A6F8YPN3,D1A4F8,False,0.3333333333333333
A0A285IYU2,D1A253,True,1.0
A0A2T3JRY9,A0A3N1Y104,True,1.0
A0A1I3WLE2,A0A3N1Y660,False,0.5
A0A085R4L6,A0A3N1Y198,False,0.5
A0A1C6VIB2,A0A1H1CI33,True,1.0
A0A1C4UI56,A0A1H1GPC0,True,1.0
A0A919IHS5,A0A1H1HIG3,True,1.0
R1I0K2,A0A1H1I5Y6,False,0.5
A0A7K3Q3Q4,A0A1H1EGD3,True,1.0
A0A5D0UBU0,A0A1H1C8M4,True,1.0
A0A239CI46,A0A1H1HWF3,True,1.0
A0A8J3SZ96,A0A1H1I1Y0,True,1.0
A0A101SMB2,A0A1H1D5U4,False,0.3333333333333333
A0A1J4N636,A0A1H1AAV2,True,1.0
A0A372ZT05,A0A1H1D3C2,False,0.5
A0A1C6SPN7,A0A1H1HD46,True,1.0
A0A0M5LX77,A0A1H1BIT4,True,1.0
A0A2V4MYY0,A0A1H1DFU8,True,1.0
E6S8L1,A0A1H1HS80,True,1.0
A0A7H8TA38,A0A1H1D455,True,1.0
A0A7X0FZ18,A0A1H1FQC6,True,1.0
A0A5J4LL09,A0A1H1E1A5,True,1.0
A0A1H4PEB8,A0A1H1G020,True,1.0
A0A101S6R7,A0A1H1DJW5,True,1.0
A0A841D0G9,A0A1H1F137,True,1.0
A0A1I3QG16,A0A1H1A3D3,True,1.0
F1TJ47,A0A1H1H6K0,False,0.5
A0A1H1FSV4,A0A1H1C6W0,True,1.0
A0A927R978,A0A1H1BZP4,False,0.0
A0A7X0HQB3,A0A420VBH5,True,0.6666666666666666
A0A845EX37,A0A420VI88,False,0.5
A0A179SXY4,A0A420VID0,True,1.0
A0A1E5THN6,A0A420VK19,False,0.5
A0A7W8CSQ6,A0A1W6VMW0,True,1.0
A0A3B0CFR6,A0A1W6VN14,True,1.0
A0A2N6SCT5,A0A1W6VPF6,True,1.0
A0A0J1ING5,A0A1W6VS23,True,1.0
A0A1G9TBY4,A0A1W6VMW6,True,1.0
A0A0D1XUP9,A0A1W6VRX2,False,0.3333333333333333
A0A1R0YLS6,A0A1W6VR62,False,0.3333333333333333
A0A7Y6BUF1,A0A1W6VWL9,False,0.5
A0A1X7CZC3,A0A0K6ING7,True,1.0
A0A1I3VUC9,A0A679FK69,True,1.0
A0A6C0QLE9,A0A4V3UVC2,True,1.0
A0A5C0WID5,A0A679FKY6,True,1.0
A0A4R5Z654,A0A4S3L6I8,True,1.0
A0A098MEB5,A0A4S3L4V0,True,1.0
A0A0M0GHF8,A0A679FMZ9,False,0.5
A0A1M4U1C6,A0A679G202,True,1.0
A0A0R2DZ56,A0A4S3KZR7,True,1.0
A0A2N0ZIW5,A0A679FPS3,True,1.0
B1YLY6,A0A1H2QDX0,True,1.0
A0A0J6CKJ9,A0A1H2WCT4,False,0.5
A0A172ZI23,A0A1H2X611,True,1.0
A0A1R0YC62,A0A1I7KRE1,True,1.0
A0A220MQC3,A0A1I7IH10,True,1.0
A0A0M0GI49,A0A226Q626,True,1.0
R3TR31,A0A226Q0T2,False,0.3333333333333333
A0A4R6ZPS0,A0A226QDX1,True,1.0
A0A0M0G9V3,A0A226QC43,True,1.0
W9APE4,A0A226QC29,False,0.5
A0A0R1N0R5,A0A226QEH4,False,0.5
I2CA00,A0A226QBW7,True,1.0
A0A0R1KBD7,A0A226Q5X6,True,1.0
A0A1H9EVP1,A0A226Q3Q6,False,0.5
A0A1I2BA07,A0A226QBX4,True,1.0
A0A0L0W9R7,A0A226Q2Z5,False,0.5
A0A410WRP5,A0A1W6VWS0,True,1.0
Q65HT6,A0A165XQX6,True,1.0
A0A366JRC0,A0A165YM83,True,1.0
M5NY65,A0A165Y130,True,1.0
A0A0R1QE46,A0A165WJL6,True,1.0
A0A429ZWC9,A0A165YFE1,True,1.0
Q033S3,A0A165WKP7,False,0.5
W4RT49,A0A165XJL6,True,1.0
A0A4R5Z907,A0A165Z4X7,False,0.5
A0A5C0WL41,A0A165WU46,True,1.0
A0A3S1EJX5,Q5KXM2,True,1.0
A0A0A3IE31,Q5KVH9,True,1.0
A0A0Q3SVM1,Q5L1G1,True,1.0
A0A220MR13,Q5KZD8,False,0.5
A0A160IMK3,Q5KYL8,False,0.5
A0A1C7DFL1,Q5KXZ4,True,1.0
A0A7W3KP74,A0A4R3LWN9,False,0.0
A0A7Y9WI55,A0A4V2UWI0,True,1.0
A0A2W4EP69,A0A4R3MCI0,False,0.5
A0A841PHR0,A0A4R3MEE4,True,1.0
A0A3R8ZW00,A0A4R3MHX3,True,1.0
F4QKY9,A0A4R3MIN0,True,1.0
A0A7W9AVD7,A0A4R3LXP0,False,0.5
A0A1I4CB07,A0A1M4V097,True,1.0
A0A2T0WY80,A0A4R3MDL9,True,0.6666666666666666
A0A4R2C3Y3,A0A4R3MFN6,True,1.0
A0A1V2K517,A0A1M5A6I7,True,1.0
A0A7G9QVY2,A0A1M4ZA72,True,1.0
A0A1H6BJ20,A0A4R3MHY8,True,1.0
A0A7W9C843,A0A4V2UZM0,True,1.0
A0A2R4F6T8,A0A4R3L5V9,True,1.0
A0A327KIY6,A0A4R3MEQ1,True,1.0
A0A329Y5E4,A0A4R3MC59,True,1.0
A0A2T5V5T5,A0A4R3MJC6,False,0.5
A0A841A6Y3,A0A4R3MFR8,True,1.0
F6F3J3,A0A4R3MFZ5,False,0.5
A0A6H9T2P2,A0A1M4Y2A5,True,1.0
A0A0H2LSY9,A0A4R3LFU5,True,1.0
A0A366DEM6,A0A4R3M344,True,1.0
A0A2W4F5F0,A0A4V2UZI3,True,1.0
A0A0S2SHA2,A0A1M4W4M4,True,1.0
A0A364JZB8,A0A4R3MAU2,True,1.0
A0A285PGM4,A0A4R3MBI3,False,0.0
A0A853FED7,A0A4R3LJ12,True,1.0
A0A329YAQ4,A0A4R3LWJ7,False,0.5
V4P4G3,A0A4R3LXI4,True,1.0
A0A1I1V8F5,A0A4R3L944,True,1.0
A0A7W9FAA0,A0A4R3MFH6,True,1.0
S9QKE0,A0A4R3MHG8,True,1.0
A0A7W6ACN6,A0A4R3MIZ2,True,1.0
A0A1I3KY70,A0A4R3MAU9,True,1.0
A0A2S9K949,A0A4R3LFE5,True,1.0
A0A1Y6FP85,A0A4R3M8D7,False,0.3333333333333333
A0A841PTT5,A0A4R3MB91,True,1.0
A0A4R2GUG0,A0A4R3MJ72,True,1.0
A0A0R3MFU4,A0A4R3MFE6,True,1.0
A0A1H5XWQ5,A0A4R3MN55,True,1.0
A0A316FD56,A0A4R3LH37,True,0.6666666666666666
A0A1I7NF82,A0A4R3MD63,True,1.0
A0A2T5V1R8,A0A4R3LUE3,True,1.0
W0V3N4,A0A4R3L666,True,1.0
A0A0G3XKV4,A0A4R3MEF4,True,1.0
A0A238D276,A0A4V2UW88,True,1.0
A0A853G0R8,A0A4R3LPP8,True,1.0
A0A0F2KVZ6,A0A4R3LZR7,True,1.0
A0A0R3BSR1,A0A4R3M8I1,True,1.0
A0A0F5Q197,A0A4R3MJH3,False,0.5
A9DWN1,A0A4R3ML98,True,1.0
A0A327JHV7,A0A4R3MHI4,True,1.0
A0A154VP24,A0A4R3MMY7,True,1.0
A0A7Y9IQ10,A0A4R3LFJ1,True,1.0
A0A1Y6D2H3,A0A1M5A9Y3,True,1.0
A0A4Q7NN47,A0A1M4VTS5,False,0.3333333333333333
G7URC9,A0A1M4UJE7,True,0.6666666666666666
A0A6L3YHW0,A0A4R3MHY7,True,1.0
A0A1C3UXX0,A0A4R3MKW1,True,1.0
A0A1N6VN85,A0A4R3MDN5,False,0.0
A0A245ZS78,A0A4R3M9F9,True,1.0
A0A542VZB3,A0A4R3MFV9,True,1.0
A0A4R6QM72,A0A4R3L7X5,True,1.0
A0A497Z868,A0A4R3MK10,True,1.0
A0A656QLU4,A0A4R3LDG5,True,1.0
A0A1E3FZR1,A0A4V2UVD9,True,1.0
A0A1H6N726,A0A4V6NZI5,True,0.75
A0A1H5KWP6,A0A1M4SRZ6,True,0.6666666666666666
A0A0D5V1U8,A0A4V2UVV9,True,1.0
A0A2S0PB23,A0A4R3LH33,True,1.0
A0A2N7X9L8,A0A4R3L316,True,1.0
F6EYX9,A0A4R3MIL7,True,1.0
A0A917Q9E5,A0A4R3MHT3,False,0.3333333333333333
A0A1H3D034,A0A4R3MHY6,True,1.0
A0A564G4N6,A0A4R3M8N6,True,1.0
A0A087MH05,A0A4R3LNJ4,True,1.0
A0A0D1DE15,A0A4R3MGP3,True,1.0
A0A178MPM2,A0A4R3M9D1,False,0.0
A0A0F5K0F2,A0A1M4T9L0,True,1.0
M4NGJ8,A0A1M4YUR2,False,0.0
A0A1N7LSA8,A0A4R3MFJ3,True,1.0
A0A495BGP5,A0A4R3LBF6,True,1.0
A0A1N7MVG5,A0A7W8DF84,True,1.0
A0A841LF09,S9QYA4,True,1.0
A0A143Z1N0,T0DMT1,True,1.0
A0A4R8FRQ2,S9S837,True,1.0
A0A1H3DNC0,A0A7W7V6T9,True,1.0
A0A7W6WG01,S9R0L6,False,0.5
A0A2W7MGR6,I3DUK5,True,1.0
A0A7W3Q9W1,S9QX74,True,1.0
A0A921KEV1,I3DZA3,True,1.0
A0A1D9IQD9,A0A7W7XZ21,True,1.0
A0A1N7NCY5,A0A7W8DFI8,False,0.0
A0A1W6CZ60,S9SIK1,True,1.0
V4P492,S9QSR1,False,0.5
A0A6B9FJH7,S9QU10,True,1.0
A0A143Y6M9,T0CJV9,True,1.0
A0A245ZVD8,S9R2J3,True,1.0
A0A840RVJ1,A0A7W7Y0Q5,True,1.0
A0A497WYV4,S9SM90,True,1.0
F7ZCW8,S9RWJ5,True,1.0
A0A168R3Z6,I3E7C9,True,1.0
A0A1S2ALB7,A0A7W7V703,True,1.0
A0A2S7EV49,A0A7W8DF81,True,1.0
A1WTP3,A0A7W7XYJ0,False,0.5
A0A1M5AKD3,S9QZT8,True,1.0
A0A0F5PSR3,S9R3Q9,True,1.0
A0A0M3GH94,S9R6Z2,True,1.0
A0A927MKS1,I3EC38,True,1.0
A0A1H9D6D4,S9R3J8,True,1.0
A0A1L3F3C2,S9QYE3,True,1.0
A0A840RQG2,A0A7W7V6V0,True,1.0
A0A0M6XRS0,S9S8D2,True,1.0
Q930D1,S9QW55,True,1.0
A0A1I2GVY0,T0BRG0,True,1.0
A0A2W7N8U4,I3E8J5,True,1.0
A0A2N0DR66,A0A7W7XZM1,True,1.0
A0A1A8TRD3,A0A7W7Y0J4,False,0.5
A0A927R3D6,I3E973,True,1.0
A0A168JP48,I3E907,False,0.5
A0A1Y5TXC2,S9RY51,True,1.0
A0A0R1S2F7,I3EB92,False,0.5
A0A5S4W3C1,S9RXV1,True,0.6666666666666666
A0A1D2LU45,A0A7W8IST5,True,1.0
A0A4R1NM80,S9SC41,True,1.0
A0A1G7ZU50,S9S6U4,True,1.0
A0A1I4L6W8,A0A846MKV1,True,1.0
Q49V31,A0A846M9J4,True,1.0
A0A0R1TS96,A0A846MBN7,True,1.0
Q81CM4,A0A846MLD8,True,0.6666666666666666
Q5HM26,A0A846M9D7,True,1.0
A0A239JW04,A0A1I5TC34,False,0.5
A0A329QY37,A0A846MC19,False,0.3333333333333333
A0A1G6WGW7,A0A846MIH7,True,0.6666666666666666
A0A653I2V1,A0A846MLM1,True,1.0
A0A2T4UB10,A0A846MF31,True,0.8333333333333334
R2QS22,A0A846MJ36,True,1.0
D7UU91,A0A846MFC8,False,0.5
A0A1I5YP41,A0A846MJE6,True,1.0
A0A433Y7M7,A0A846MLQ5,True,1.0
A0A398AXJ2,A0A846MLP3,True,1.0
A0A838CQ78,A0A846MEL4,True,1.0
A0A2A4HF68,A0A846MH09,True,1.0
A0A7Z1N2G1,A0A846M938,True,1.0
A0A4R2RMU3,A0A846MDN2,True,1.0
A0A0R2FT39,A0A846MGQ7,False,0.5
A0A0J1ILM5,A0A846ML50,True,1.0
W4QQA8,A0A846MAT3,True,1.0
A0A0D4CJ56,A0A846MJR4,True,1.0
A0A6I2MED4,A0A846MIQ7,True,1.0
A0A511H2J3,A0A846MJ67,True,1.0
A0A0R1GKV1,A0A846MKJ2,True,0.6666666666666666
A0A365K8Z7,A0A846MJ47,True,1.0
A0A2K3ZDF8,A0A846MFD9,True,1.0
A0A0R1QNA7,A0A846M9F8,True,1.0
M5PBY1,A0A846MI79,True,1.0
A0A1G7LD21,A0A846MDT4,True,1.0
A0A2K3YQM0,A0A846MI80,True,1.0
A0A941DUV6,A0A846MGN2,True,1.0
A0A1G9MFG5,A0A846MCT5,True,1.0
A0A268F2T2,A0A846MCP0,True,1.0
A0A0K9YU76,A0A846MIB2,True,1.0
A0A7G3E3A3,A0A846MJ07,False,0.5
A0A2K9J6F2,A0A846ME08,True,1.0
A0A1H7NDN1,A0A846MJA7,True,1.0
A0A1G6W050,A0A846MC43,True,1.0
R2QU11,A0A846ME63,True,1.0
M7NEG7,A0A846MFJ5,False,0.3333333333333333
A0A084J3H3,A0A846MGE5,True,1.0
A0A1G9YIK9,A0A846MJZ5,True,1.0
A0A2W1N8W9,A0A846MBY2,True,1.0
K8ZAN3,A0A846MC50,True,1.0
A0A1H2UT91,A0A846MJ69,True,1.0
W4QWE8,A0A846MKA1,True,1.0
A0A0R1SQ63,A0A846MCC5,False,0.5
A0A1M5KNV9,A0A846MLX5,False,0.5
D5E1H9,A0A846MKU2,True,1.0
A0A1G9E495,A0A846MEA6,True,1.0
A0A1H9N2Z3,A0A846MC64,True,1.0
A0A1C7EAH0,A0A846M8W3,True,1.0
X5A629,A0A846MCZ8,True,1.0
A0A143YZ08,A0A846MIU5,False,0.25
A0A4R3L7V6,A0A846MG90,True,1.0
A0A0R1V080,A0A846MK78,True,0.6666666666666666
A0A285CK63,A0A846MHN8,True,1.0
A0A1E4R3Z9,A0A846MFG6,True,1.0
A0A1R1F0Q5,A0A846ML06,False,0.0
A0A1R1BGV6,A0A846MBI6,True,1.0
U1WKN9,A0A846MEC0,True,1.0
K0AX57,A0A1I5XSX0,True,1.0
A0A1B3XVX8,A0A1I7I9S3,True,1.0
A0A8U0AR37,A0A1I7GRL3,True,1.0
A0A855XZD9,A0A1I7I6J3,False,0.5
V6M1V8,A0A1I7HPN7,True,1.0
A0A1B1Z400,A0A1I7GFY3,True,0.8333333333333334
A0A2N5HHC0,A0A1I7L7U7,True,1.0
A0A098MEU3,A0A1I7I7R1,True,1.0
A0A220MQH8,A0A1I7INU5,True,1.0
A0A084GNZ6,A0A1I7IRQ9,True,1.0
A0A366JUW7,A0A1I7GZN2,False,0.5
A0A0M0G782,A0A1I7HFV6,True,0.6666666666666666
A0A2T6G507,A0A1I7JNW7,True,1.0
A0A0C2WB99,A0A1I7FAB2,True,1.0
A0A1B3XMH4,A0A1I7GVG9,True,1.0
A0A1R1EKQ0,A0A1I7K131,True,1.0
A0A0M0LBS2,A0A1I7H194,True,1.0
A0A1N6UVJ0,A0A1I7L8I4,True,1.0
A0A919YG42,A0A1I7HFC2,True,1.0
A0A3A1UTR4,A0A1I7J4Y3,True,0.8
A0A1G6V4U4,A0A1I7KUR5,True,1.0
R9L9R6,A0A1I7F2C6,True,1.0
A0A1R1DXY2,A0A1I7I542,False,0.5
A0A917TS47,A0A1I7K6Z9,True,1.0
A0A2R5ESJ7,A0A1I7GDU9,True,1.0
A0A370GLK5,A0A846MJ27,True,1.0
A0A4S3PRD4,A0A846MI00,True,1.0
K8E5P7,A0A846MLG1,True,1.0
A0A8B5XUM9,A0A846MFS6,True,1.0
A0A1C3TYE1,A0A4R3MEE4,True,1.0
A0A1I4GT35,A0A4R3MDL9,True,1.0
A0A4V3DM19,A0A1M4SCJ2,True,1.0
A0A172YG51,A0A1M4ZA72,True,1.0
A0A0X1T8I4,A0A1M4T6J2,True,1.0
A0A4R2CE89,A0A4R3MFZ5,False,0.5
A0A4R1Z2X4,A0A4R3MAU2,True,1.0
A0A844B3R1,A0A4R3LWJ7,False,0.5
A0A1G8TVX6,A0A4R3LXI4,True,1.0
A0A0P1EL48,A0A4R3MHV0,True,1.0
A0A839ZBA4,A0A4R3M8D7,True,0.6666666666666666
A0A0P1HEE4,A0A4R3MB91,True,1.0
Q1YFB8,A0A4R3MJ72,True,1.0
A0A3L7AFL2,A0A4R3MN55,True,1.0
A0A0D1DB27,A0A4R3MCM4,True,1.0
A0A4P6KUW8,A0A4R3LPP8,False,0.5
A0A1H8AJX5,A0A4R3LZR7,True,1.0
A0A222DZU0,A0A4R3MJH3,False,0.5
A0A1N6HCH6,A0A4R3ML98,True,1.0
A0A1H6GPD1,A0A4R3MMY7,True,1.0
A0A7Y9R1E3,A0A4R3LFJ1,False,0.5
A0A246K6D1,A0A4R3MCK3,True,1.0
A0A1H2P7B8,A0A1M5A9Y3,True,1.0
A0A2V3USE8,A0A4R3MK10,True,1.0
A0A656QRN3,A0A4V2UVD9,True,1.0
A0A7Y9IX83,A0A4R3L316,True,1.0
A0A5J6WQG1,A0A1M5AA78,True,1.0
A0A4Q0ML45,A0A4R3MIL7,True,1.0
A0A2W4CSW6,A0A4R3M8N6,True,1.0
A0A1M5QXQ6,S9R0L6,True,1.0
A0A0H5CYE0,S9QY91,True,1.0
A0A7Z0RZF8,A0A7W7XZ21,True,1.0
A8FPG3,A0A7W8DFI8,True,1.0
Q16E12,S9QU45,True,1.0
A0A427N913,S9R2J3,True,1.0
A0A4Y4F1P9,A0A7W8DE67,True,1.0
A0A3B0MJJ2,S9R3J8,True,1.0
A0A1M5IYT5,S9S6T9,True,1.0
A0A840SQ49,S9QSZ6,True,1.0
B1KJ59,A0A7W7XZM1,True,1.0
W7CNW2,A0A7W8IST5,True,1.0
A0A4R6BNL9,A0A846MKV1,True,1.0
A0A1G5X0W7,A0A846MBN7,True,1.0
A0A1C7E4R2,A0A846MIH7,True,1.0
C0ZH45,A0A846MLM1,True,1.0
A0A6L8JVE7,A0A846MDN2,True,1.0
A0A084IW57,A0A846MAT3,True,1.0
A0A1H6S2E4,A0A846MKJ2,True,0.6666666666666666
A0A380H6N9,A0A846MBI9,True,1.0
A0A5Q2N8N0,A0A846MDT4,True,1.0
A0A2S1A5M7,A0A846MC92,True,1.0
G2KVK1,A0A846MIF3,True,1.0
P68903,A0A846MIH3,True,1.0
A0A1H2ZPB9,A0A846ME08,False,0.5
A0A2T4PV13,A0A846MJA7,True,1.0
A0A0C2VTM3,A0A846MC43,True,1.0
A0A7U6BVX6,A0A846ME74,False,0.3333333333333333
A0A0B0I9E5,A0A846MKA1,True,1.0
A0A4S3PSH7,A0A846MKX0,True,1.0
Q9A0S4,A0A846MLX5,False,0.5
A0A0D5NRM7,A0A846ML06,False,0.0
A0A0U2ULS8,A0A1I7I9S3,True,1.0
A0A2N5N612,A0A1I7GRL3,False,0.5
A0A1I2IJW6,A0A1I7JNW7,True,1.0
A0A7W8CRT4,A0A1I7K131,False,0.5
A0A1N7BIT8,A0A1I7L8I4,True,1.0
A0A1E5G2F7,A0A1I7I542,False,0.5
A0A1S2LCR9,A0A8I1AAN4,True,1.0
A0A919YKY1,A0A8I1DF78,True,1.0
A0A936Z781,A0A1G9FLF6,False,0.3333333333333333
A0A239IZW2,A0A1G9FPS4,False,0.5
A0A2V4VM05,A0A7V9Z775,False,0.3333333333333333
A0A1S7FXQ6,A0A846MKA9,False,0.5
A0A1I1Z025,A0A846M9Q2,True,1.0
A0A1S9XQX4,A0A846M8G3,False,0.5
A0A1G9TDC6,A0A679FPD9,True,1.0
A0A3L8GEX4,A0A178TZC4,True,1.0
A0A0N9I7I4,A0A1H1HB42,True,1.0
H6RRM8,A0A1H1D0B1,False,0.5
A0A8E1W2B8,A0A1H1GQ92,True,0.6666666666666666
A0A1C5JLX9,A0A1H1BX67,True,1.0
W6K326,A0A1H1HRU6,False,0.5
A0A1B1B942,A0A1H1FRJ4,True,1.0
A0A918YB12,A0A1H1I700,False,0.5
S4N327,A0A1H1DXY2,True,1.0
A0A4R5B354,A0A1H1FR09,True,1.0
A0A2W2BJC1,A0A1H1EA46,True,1.0
A0A561UQ58,A0A1H1CVH1,False,0.3333333333333333
A0A4Q2S8Q4,A0A1H1I2X1,True,1.0
V9XF09,A0A1H1CFD2,True,1.0
F3NIG3,A0A1H1A8Y2,True,1.0
A0A7W5AEW8,A0A1H1CGE0,False,0.5
L7EXZ6,A0A1H1I0L8,False,0.3333333333333333
A0A1N7GZ14,A0A1H1I295,True,1.0
A0A222DYR6,A0A1G9FLF6,True,0.6666666666666666
B6JJU5,A0A1G9FPS4,False,0.5
A0A094WD37,A0A7V9Z775,True,1.0
A0A2K9HHP0,A0A846MKA9,False,0.5
A0A2S5CTU9,A0A846M9Q2,True,1.0
A0A927MGY8,A0A679FPD9,True,1.0
A0A239KB79,A0A1H1B734,True,1.0
A0A269XIL8,A0A178TZC4,False,0.5
A0A5J6HP31,A0A1H1HB42,True,1.0
A0A4Q8BK81,A0A1H1D0B1,True,1.0
A0A2T0K8Y1,A0A1H1GPK0,True,1.0
A0A931DA10,A0A1H1HRU6,False,0.5
A0A0M8QMJ1,A0A1H1FRJ4,True,1.0
A0A4R4Q5C2,A0A1H1I700,True,1.0
A0A4Y3WQG2,A0A1H1DXY2,True,1.0
A0A849CEP9,A0A1H1FR09,True,1.0
E2PW39,A0A1H1EA46,False,0.5
A0A3R8RNH5,A0A1H1CVH1,True,1.0
A0A8J3UFB2,A0A1H1I2X1,True,1.0
A0A239BSI9,A0A1H1CFD2,True,1.0
A0A7Y9GBQ1,A0A1H1A8Y2,True,1.0
A0A918MUR6,A0A1H1I0L8,True,1.0
A0A8J3LZ31,A0A1H1I295,True,1.0
A0A1U7DG34,A0A1G9FPS4,True,1.0
A0A4Q9WEX4,A0A7V9Z775,True,1.0
A0A0R2BFA0,A0A846MKA9,False,0.5
A0A285UN19,A0A846M9Q2,True,1.0
A0A7W5YSC6,A0A1H1B734,False,0.5
A0A1R1AT73,A0A2T0ATT9,True,1.0
A0A1R4FM67,A0A1H1HB42,False,0.5
A0A544YQ90,A0A1H1D0B1,True,1.0
A0A8H9GXR4,A0A1H1GPK0,False,0.3333333333333333
A0A919M7T8,A0A1H1FRJ4,True,1.0
A0A1H0R419,A0A1H1I700,False,0.3333333333333333
A0A8J3Z5W9,A0A1H1DXY2,True,1.0
A0A1I3PU62,A0A1H1EA46,False,0.3333333333333333
A0A1B1BBC2,A0A1H1CVH1,True,1.0
A0A853BHZ2,A0A1H1I2X1,True,1.0
A0A1H3DGS1,A0A1H1CFD2,True,1.0
A0A542DKC7,A0A1H1A8Y2,False,0.5
A0A5J6EXI2,A0A1H1I0L8,True,1.0
A0A8J3KM55,A0A1H1I295,True,1.0
A0A6N7L764,A0A1G9FPS4,False,0.5
W7BNC3,A0A7V9Z775,True,1.0
A0A0R1UV79,A0A846MKA9,True,1.0
A0A0M3R9Z8,A0A846M9Q2,True,1.0
A0A3N1GYD3,A0A1H1HB42,False,0.5
A0A1V0UFQ4,A0A1H1D0B1,True,1.0
A0A6I4W6R4,A0A1H1FRJ4,True,1.0
A0A919MZV2,A0A1H1I700,True,1.0
A0A561VT67,A0A1H1DXY2,False,0.3333333333333333
A0A2T0MMN9,A0A1H1EA46,True,1.0
A0A161I050,A0A1H1CVH1,False,0.3333333333333333
A0A7W3PF82,A0A1H1I2X1,True,1.0
A0A918C4X8,A0A1H1CFD2,True,1.0
A0A1C4YC24,A0A1H1I0L8,False,0.3333333333333333
A0A1M7NT07,A0A1H1I295,True,1.0
A0A1G8LF07,A0A1G9FPS4,False,0.5
F0SWU0,A0A846M9Q2,True,1.0
A0A5J6J324,A0A1H1HB42,True,1.0
C8XAZ8,A0A1H1D0B1,True,1.0
A0A0N9ICG8,A0A1H1FRJ4,True,1.0
A0A1H0JM82,A0A1H1I700,True,1.0
A0A328N1Z0,A0A1H1DXY2,True,1.0
A0A521CFU9,A0A1H1EA46,False,0.3333333333333333
A0A7W9YLY1,A0A1H1CVH1,True,1.0
A0A8J3K4Y4,A0A1H1I2X1,True,1.0
A0A1G7EC75,A0A1H1CFD2,True,1.0
A0A0M8MFB5,A0A1H1I0L8,True,1.0
A0A7W9FLM9,A0A1G9FPS4,False,0.5
A0A7W0CLC3,A0A1H1B734,True,1.0
J2JW45,A0A1H1HB42,True,0.6666666666666666
A0A7W9IH76,A0A1H1D0B1,True,1.0
A0A931JA15,A0A1H1GPK0,True,1.0
A0A921MDP9,A0A1H1I700,True,1.0
A0A1I0LIK3,A0A1H1DXY2,True,1.0
A0A1H1GVW1,A0A1H1EA46,True,1.0
A0A8J3LW99,A0A1H1CVH1,True,1.0
D1BUI8,A0A1H1I2X1,True,1.0
A0A7Y7B3L2,A0A1H1CFD2,False,0.5
A0A428WXN4,A0A1H1I0L8,True,1.0
A0A7Y9GIF3,A0A1H1B734,True,1.0
A0A1H0SI71,A0A1H1HB42,True,1.0
A0A6I5N749,A0A1H1D0B1,False,0.3333333333333333
A0A6P0GBM8,A0A1H1I700,True,1.0
A0A117RCN6,A0A1H1EA46,True,1.0
A0A1I3PDL5,A0A1H1CVH1,False,0.3333333333333333
A0A1V0V790,A0A1H1I2X1,False,0.5
A0A8J3WE42,A0A1H1CFD2,True,1.0
A0A221NZ80,A0A1H1I0L8,True,1.0
A0A3B0BDH1,A0A1H1HB42,True,1.0
A0A6G3T107,A0A1H1D0B1,True,1.0
A0A5D4J0J1,A0A1H1GPK0,True,1.0
A0A1H7KRT5,A0A1H1I700,True,1.0
A0A0A0J6W6,A0A1H1EA46,True,1.0
A0A0D0WXZ2,A0A1H1CVH1,True,1.0
A0A495W372,A0A1H1I2X1,True,1.0
A0A345YRU2,A0A1H1CFD2,True,1.0
A0A919SCR7,A0A1H1I0L8,False,0.3333333333333333
A0A0C2VTM8,A0A1H2VJV6,True,1.0
A0A7K3R4M5,A0A1H1HB42,False,0.5
A0A4R4ZY92,A0A1H1D0B1,True,1.0
A0A2T0TM16,A0A1H1GPK0,True,1.0
A0A101TZ23,A0A1H1I700,True,1.0
A0A6I5N689,A0A1H1EA46,True,1.0
A0A1H6WX97,A0A1H1CVH1,False,0.3333333333333333
A0A8J4DF52,A0A1H1HB42,True,1.0
A0A8J3JE40,A0A1H1D0B1,True,1.0
A0A1H9WB89,A0A1H1GPK0,True,1.0
A0A919FTW2,A0A1H1I700,True,1.0
A0A852RFJ2,A0A1H1EA46,True,1.0
D2PUV0,A0A1H1CVH1,False,0.3333333333333333
A0A329C3W3,A0A1H1HB42,True,1.0
A0A8J3S8F7,A0A1H1D0B1,True,1.0
A0A7G7MT31,A0A1H1GPK0,True,1.0
A0A4Q2ME94,A0A1H1I700,True,1.0
A0A543FNX5,A0A1H1EA46,True,1.0
A0A1B2HVF0,A0A1H1CVH1,False,0.3333333333333333
A0A0A0NLT8,A0A1H1HB42,True,1.0
A0A1C6UHG6,A0A1H1D0B1,False,0.3333333333333333
A0A543HXC6,A0A1H1GPK0,False,0.3333333333333333
A0A8J3ZQM2,A0A1H1I700,True,1.0
A0A7W9YMA9,A0A1H1EA46,True,1.0
F3NDI4,A0A1H1CVH1,True,1.0
V6KPP7,A0A1H1HB42,False,0.5
A0A542E763,A0A1H1GPK0,True,1.0
A0A7X5ZSM8,A0A1H1I700,True,1.0
A0A101TVC8,A0A1H1EA46,True,1.0
A0A1B2HJD2,A0A1H1CVH1,True,1.0
A0A1H5G3F0,A0A1H1HB42,True,1.0
A0A542DE21,A0A1H1I700,True,1.0
R1I9E8,A0A1H1EA46,False,0.3333333333333333
A0A8J3JKM8,A0A1H1CVH1,True,1.0
A0A1R0KQW7,A0A1H1I700,False,0.5
A0A7I0NSG1,A0A1H1EA46,True,1.0
S3ZCA7,A0A1H1CVH1,True,1.0
A0A0B2AHF5,A0A1H1HB42,False,0.5
A0A4R4T982,A0A1H1EA46,True,1.0
A0A8F9WTI3,A0A1H1CVH1,True,1.0
A0A1C4V782,A0A1H1EA46,True,1.0
A0A7W9P583,A0A1H1CVH1,True,1.0
A0A8J3QZA2,A0A1H1EA46,True,1.0
A0A852X3W7,A0A1H1EA46,True,1.0
A0A4P8KK04,A0A150L9J5,True,1.0
A0A4Q2JXD3,D1A2P5,True,1.0
A0A7W7LLW6,D1A745,False,0.5
A0A5P1YPL1,D1AEC2,True,1.0
A0A239BKM6,D1AAM2,True,1.0
A0A918ZTE4,D1AEA2,True,1.0
A0A4R4T5S4,D1A8Q0,False,0.0
A0A1G9VM31,D1A7I1,False,0.3333333333333333
A0A918L7Y8,D1AD31,True,1.0
A0A090ZJA4,A0A150LZI7,True,1.0
A0A4R4T9B0,D1ABB6,False,0.5
A0A084GXU4,A0A150LEJ9,False,0.3333333333333333
A8FG46,A0A7W1XCV3,True,1.0
A0A4R5NKK2,A0A1I0SN21,False,0.5
A0A220MJC3,A0A521EST1,True,1.0
A0A1G6P5A1,D6YAH8,True,1.0
A0A318KDJ0,D6Y3M9,True,1.0
A0A939F4Q3,D6Y779,True,0.6666666666666666
A0A191V3V0,D6Y8Y0,True,1.0
A0A918HDJ4,D6Y2S4,True,1.0
A0A918EGK5,D6Y4B6,True,1.0
A0A4Q7ZHF2,D6YAJ0,True,1.0
A0A1G9R0Z7,G9QKT4,False,0.5
J7J3X8,G9QL09,True,1.0
A0A5Q2N5H5,G9QQE3,True,1.0
A0A6J5I3N2,A0A554WVG5,False,0.5
A0A7Y9IY36,A0A554WR29,False,0.5
A0A0R1QF76,A0A165X0R4,True,1.0
A0A2T6G039,A0A161YUB4,True,1.0
A0A1G6TSQ6,A0A165X309,False,0.5
A0A329QSJ0,A0A165WIZ7,False,0.5
A0A7G6SRX7,A0A1M7S0M4,False,0.5
S3I9Q0,A0A1M7SRW4,True,1.0
A0A154V8J6,A0A2S5JLJ3,True,1.0
A0A2W0C2S4,A0A161Y236,True,1.0
A0A1I3KS16,A0A150MAF3,True,1.0
A0A2T4LT54,A0A150N3W3,False,0.5
A0A841SQS6,A0A150MER1,True,1.0
K6DAU5,A0A4R3NA09,True,1.0
A0A1H9D0Z1,A0LRA9,False,0.5
A0A7W9PYK2,A0LTU8,True,1.0
A0A4Q1R6U7,I1CYL7,False,0.5
A0A4R4PGS1,D1A2S0,True,1.0
A0A1C4WQW0,D1A9I7,True,1.0
A0A6H9ZAN7,D1ABJ1,True,1.0
A0A1E7JFR8,D1A1W1,True,1.0
A0A918LHR2,D1AA17,True,1.0
A0A1J6VZ61,A0A150L399,False,0.5
A0A7G1NCG0,D1ABR2,False,0.5
A0A1E5G4P4,A0A150L9J5,True,1.0
A0A840QHV8,D1A2P5,True,0.6666666666666666
A0A233SSZ7,D1A745,True,1.0
A0A6I4WB04,D1AEC2,True,1.0
M2NYT0,D1AEA2,True,1.0
A0A239G2N6,D1A7I1,True,1.0
A0A5Q2NAG4,A0A150LZI7,True,1.0
A0A1H3BJM6,A0A150LEJ9,True,1.0
A0A917WUC1,A0A521EST1,True,1.0
A0A1M7QEE5,D6Y779,True,0.6666666666666666
A0A7W9YMH4,D6Y2S4,True,1.0
A0A919EE07,D6Y4B6,True,1.0
A0A840IQ79,D6YAJ0,False,0.5
A0A4Y3PHV2,G9QQE3,True,1.0
A0A4Z0BUF8,A0A554WR29,True,1.0
A0A3S1BS12,A0A165X0R4,False,0.5
A0A1I6GCY5,A0A1M7S0M4,True,1.0
A0A0M6XVI9,A0A1M7SS43,True,1.0
A0A7W9ZGE9,A0A2S5JLJ3,True,1.0
A0A1X7NHY2,A0A161Y236,True,1.0
G4HIB8,A0A150MER1,False,0.5
A0A1Y6JTS7,A0A4R3NA09,True,1.0
A0A1G6I039,A0LRA9,True,1.0
A0A2K8PEL4,A0LTU8,False,0.5
A0A918ISN9,I1CYL7,True,1.0
A0A5S4H593,D1A2S0,True,1.0
A0A316HH15,D1A9I7,True,1.0
S3ZCU7,D1ABJ1,True,1.0
A0A8J3S490,D1A1W1,True,1.0
A0A1H9KC44,D1AD03,True,1.0
A0A0D5NJL3,A0A150L399,True,1.0
A0A919JZ86,D1A3I3,True,1.0
A0A8J3LYS2,D1ABR2,True,1.0
A0A1I2H9F2,A0A150L9J5,True,1.0
A0A221NV92,D1A2P5,True,1.0
A0A918L984,D1AEA2,False,0.5
A0A328N7H0,D1A7I1,False,0.5
A0A1S2M6L6,A0A150LEJ9,False,0.3333333333333333
A0A410X3W8,A0A521EST1,True,1.0
A0A1H9REN1,D6Y779,True,0.6666666666666666
A0A3E0A4M4,D6YAJ0,True,1.0
A0A6P2N023,A0A554WR29,False,0.5
A0A143Y5I9,A0A150MER1,False,0.5
G8PAU6,A0A4R3NA09,True,1.0
A0A640TGC5,A0LRA9,True,1.0
A0A7W7RV93,A0LTU8,True,1.0
A0A6P0GM69,D1A2S0,True,1.0
A0A1H3PRF2,D1A9I7,True,1.0
A0A8J3RKU9,D1ABJ1,False,0.3333333333333333
A0A3S3ADY4,D1A1W1,True,1.0
A0A7Y9JH59,D1AD03,True,1.0
A0A1C7DIV3,A0A150L399,False,0.5
A0A1H9ULI1,D1ABR2,False,0.5
A0A317PKI2,S9SM59,True,1.0
A0A098M3P3,A0A150L9J5,True,1.0
A0A8J3LUS5,D1AEA2,True,1.0
A0A0R1SA41,A0A150LEJ9,True,1.0
A0A6H9YJ78,D6Y779,True,0.6666666666666666
D6A1R0,D6YAJ0,False,0.5
M5J6N6,A0A150MER1,False,0.3333333333333333
H1LHD6,A0A4R3NA09,True,1.0
C5BZU2,A0LRA9,True,1.0
A0A8J3PVB0,A0LTU8,False,0.5
A0A543E279,D1A2S0,True,1.0
A0A1H4PVG3,D1A9I7,True,1.0
A0A1I3NPH4,D1ABJ1,True,1.0
A0A1I0F7R3,D1A1W1,True,1.0
A0A2T0N4T4,D1ABR2,True,1.0
D7DJ56,A0A2S5T9U6,True,1.0
A0A8J3WS83,D1AEA2,True,1.0
A0A0J6FYK4,A0A150LEJ9,False,0.3333333333333333
A0A1V6MT09,D6Y779,False,0.25
A0A8T4J0V2,D6YAJ0,True,1.0
A0A0M9X096,A0A150MER1,True,1.0
A0A075R7X0,A0A4R3NA09,True,1.0
A0A1I6SLI2,A0LRA9,True,1.0
A0A3M0HVI6,A0LTU8,False,0.5
Q5HMG4,A0A150LWJ5,True,1.0
A0A0L8NQW9,D1A2S0,True,1.0
A0A4R2IYS5,D1A9I7,True,1.0
A0A841ATE5,D1ABJ1,False,0.5
A0A849CDT2,D1A1W1,True,1.0
A0A7G3DV21,A0A150L9J5,True,1.0
A0A7G1NH32,D1AEA2,False,0.5
A0A398BFM0,A0A150LEJ9,True,1.0
A0A8J3S3S3,D6Y779,True,0.6666666666666666
A0A191WI31,D6YAJ0,True,1.0
A0A1E5TMX1,A0A150MER1,False,0.5
A0A163PM23,A0A4R3NA09,True,1.0
A0A1I0Z8H6,A0LRA9,False,0.5
A0A0L8KQ59,A0LTU8,False,0.5
A0A239E2X8,D1A2S0,False,0.0
A0A561VV76,D1A9I7,True,1.0
A0A919LGN3,D1ABJ1,True,1.0
A0A193C8B0,D1AEA2,True,1.0
A0A7W7I406,D6Y779,True,0.6666666666666666
A0A0R1LSJ7,A0A4R3NA09,True,1.0
A0A561UP24,A0LRA9,True,1.0
A0A328N4R9,A0LTU8,False,0.5
A0A7Z0ES08,D1A2S0,True,1.0
A0A852ZGU9,D1A9I7,True,1.0
A0A6N9TWJ7,D1ABJ1,True,0.6666666666666666
A0A4Q7ZU70,D1A1W1,True,1.0
A0A1I4ZHL2,D1AEA2,True,1.0
A0A1G9XIG4,A0A1I0TSM2,True,1.0
A0A919W671,D6Y779,True,0.6666666666666666
A0A090ZP59,A0A4R3NA09,True,1.0
A0A6I3M9H3,A0LTU8,True,1.0
A0A5P1YLM7,D1A2S0,True,1.0
A0A6N9U0Y8,D1A9I7,True,1.0
A0A1G9ZS82,D1ABJ1,True,0.6666666666666666
A0A2S6JVS8,D1A1W1,False,0.5
A0A544YZE1,D1AEA2,True,1.0
H6MW61,D6Y779,True,0.6666666666666666
A0A1Z5ICT8,A0A4R3NA09,False,0.3333333333333333
A0A841IZW1,A0LTU8,True,1.0
A0A7L5ALW0,D1A2S0,False,0.3333333333333333
A0A4R4TNJ4,D1A9I7,True,1.0
A0A0M2GXZ6,D1ABJ1,True,1.0
A0A930VL18,D1A1W1,False,0.5
A0A931JV69,D1AEA2,True,1.0
A0A4R4Z1K2,D6Y779,True,0.6666666666666666
D2AZF4,A0LTU8,False,0.5
A0A077LVP3,D1A9I7,True,1.0
A0A8J3Q1H8,D1ABJ1,True,1.0
A0A1E7LS13,D1A1W1,True,1.0
A0A7Y9RVV8,D1AEA2,True,1.0
A0A919UMG8,D6Y779,True,0.6666666666666666
A0A8B1NQB1,A0LTU8,True,1.0
A0A4Q8BHY7,D1ABJ1,True,1.0
A0A2W2BC45,D1A1W1,True,1.0
A0A1H8PVI5,D1AEA2,False,0.3333333333333333
A0A1H5GU30,D6Y779,True,0.6666666666666666
A0A0N9HXE6,A0LTU8,False,0.5
A0A1H8RIH1,D1ABJ1,True,1.0
A0A919KA58,D1AEA2,True,1.0
A0A233S9M7,D6Y779,True,0.6666666666666666
A0A7X0CA11,D1ABJ1,False,0.3333333333333333
A0A840P664,D1AEA2,True,1.0
A0A4R7VH39,D1ABJ1,False,0.5
A0A5M3WP65,D1AEA2,True,1.0
A0A1C5JJH1,D1ABJ1,False,0.5
A0A1C5AUV1,D1AEA2,False,0.5
A0A7G9R165,D1ABJ1,True,1.0
J7IKT2,G9QGM1,True,1.0
A0A0R1KGM6,A0A679FX22,True,1.0
A0A3S8RWM6,A0A679FXM3,True,1.0
A0A075R264,A0A679FH20,False,0.5
X0QBL9,A0A679FW37,True,1.0
A0A7W4ZPT8,A0A3D9VC31,True,1.0
A0A1W2FDI7,A0A3D9VA50,True,1.0
A0A0N9IE89,A0A3D9VC38,True,1.0
A0A1C4ZLL0,A0A3D9V5B4,True,1.0
A0A221NUL9,A0A3D9VF87,True,1.0
A0A117QQZ8,A0A3D9V157,False,0.5
A0A1T3NIF7,A0A3D9VAU7,False,0.3333333333333333
A0A2M9AE65,A0A3D9V9Y0,True,1.0
A0A5Q0GZ74,A0A3D9VJN6,False,0.3333333333333333
A0A0A0B648,A0A3D9V0P6,False,0.5
F3NLF1,A0A3D9V8Z6,True,1.0
A0A919DRK0,A0A3D9V9J2,True,1.0
A0A3N2CQP8,A0A3D9V2S2,True,1.0
A0A919UZR3,A0A3D9V605,True,1.0
A0A1V0GUF7,A0A1G9CYL6,False,0.3333333333333333
A0A329YKH9,A0A1G9FMN7,False,0.5
A0A0P6VSF8,A0A2S5JFS6,False,0.5
F7ZFF6,A0A2S5JHB9,True,1.0
A0A1H2UC01,A0A2S5JJ51,True,1.0
A0A7W9ZGE9,A0A2S5JL52,False,0.5
A0A510ZE27,A0A3N1Y9M7,True,1.0
A0A4V3DQJ8,A0A3N1Y1P3,False,0.5
A0A317MTG6,A0A3N1XSZ8,False,0.3333333333333333
Q1LJP0,A0A2Z6DZY8,True,1.0
A0A2W0CSF7,A0A7W1XAF3,True,1.0
A0A7W5FLM7,A0A7W1X7L5,True,1.0
A0A1I5RHH0,A0A178TYC0,False,0.5
A0A1C0Z0V4,A0A178U2Z3,True,1.0
A0A3N6CA48,A0A178TY15,True,1.0
A0A0C2RSR3,A0A178TZU1,True,1.0
A0A917HHN0,A0A540V1X1,True,1.0
M5P0Z0,A0A540V3Y6,True,1.0
A0A1I1E8T2,A0A540V491,True,1.0
A0A855YC58,A0A521CPZ9,True,1.0
A0A1I6DLE5,D6Y6E5,False,0.5
A0A6A0BMK0,D6Y2W5,True,1.0
A0A3N1D320,D6Y3K8,False,0.5
A0A231H945,D6Y572,False,0.3333333333333333
A0A918VMK6,D6Y904,False,0.3333333333333333
A0A7I7S0E7,D6Y5E4,True,0.6666666666666666
A0A3S1DNR7,A0A679FHJ7,True,1.0
A0A0R1UXU4,A0A679FW37,True,1.0
A0A1G7V6A2,A0A3D9VC31,True,1.0
A0A8J3QXR6,A0A3D9VA50,False,0.5
A0A918C1L1,A0A3D9VC38,True,1.0
A0A328NDL4,A0A3D9V5B4,True,1.0
A0A841DF32,A0A3D9VF87,True,1.0
A0A7W0HSF2,A0A3D9V3B2,False,0.5
A0A918BLS5,A0A3D9V157,False,0.5
A0A7W7G9G7,A0A3D9VAU7,True,0.6666666666666666
A0A2X4UJJ9,A0A3D9V9Y0,True,1.0
A0A7X0F234,A0A3D9VJN6,True,1.0
A0A1N6B534,A0A3D9V0P6,False,0.5
A0A8H9H0F7,A0A3D9V8Z6,True,1.0
A0A101PP77,A0A3D9V9J2,True,1.0
A0A5J6ETN6,A0A3D9V605,True,1.0
A0A0C2YH05,A0A1G9CYL6,False,0.3333333333333333
A0A1G6PAD7,A0A1G9FMN7,False,0.5
A0A3R9MY78,A0A2S5JFS6,False,0.5
A0A1G7HYC4,A0A2S5JJ51,True,1.0
A0A975RBR0,A0A3N1Y9M7,True,1.0
D8MY97,A0A3N1Y1P3,False,0.5
A0A0A8ULC3,A0A3N1XSZ8,False,0.3333333333333333
H3SP15,A0A7W1X7L5,True,1.0
A0A4Y9A9L6,A0A178TYC0,True,1.0
A0A0M9DLV0,A0A540V1X1,True,1.0
A0A0K9YZ59,A0A521CPZ9,False,0.5
A0A0B2AGU4,D6Y6E5,False,0.5
A0A8J3X7E9,D6Y778,True,1.0
A0A0A6URP8,D6Y3K8,False,0.5
A0A0X7JKX3,D6Y904,True,1.0
A0A7W0CGQ4,D6Y5E4,True,1.0
A0A1G9TWF5,A0A679FHJ7,True,1.0
A0A269XKT8,A0A679FW37,True,1.0
A0A919NVF1,A0A3D9VC31,True,1.0
A0A5J6I3H4,A0A3D9V5B4,True,0.6666666666666666
A0A6G4A7I8,A0A3D9V3A3,True,1.0
A0A6H0S338,A0A3D9VF87,True,1.0
A0A8J3NGW6,A0A3D9V3B2,False,0.5
A0A2G1XCN7,A0A3D9V157,True,1.0
A0A3S0VEQ1,A0A3D9VAU7,False,0.0
A0A919T665,A0A3D9V9Y0,True,1.0
A0A1H2UTV6,A0A3D9VJN6,True,1.0
A0A239KBE1,A0A3D9V0P6,False,0.5
A0A1H4XVD7,A0A3D9V8Z6,True,1.0
A0A2N3Y7F4,A0A3D9V9J2,True,1.0
A0A7R7HZE7,A0A3D9V605,True,1.0
A0A841A7M9,A0A2S5JHB9,True,1.0
A0A1B4XD89,A0A3N1Y9M7,False,0.5
A0A1M5AQT1,D6Y778,True,1.0
A0A2M9CG11,D6Y3K8,True,1.0
A0A0F0H5K1,D6Y904,True,1.0
A0A511MSH0,D6Y5E4,True,1.0
W4R0T2,A0A679FHJ7,False,0.3333333333333333
A0A841DB83,A0A3D9VC31,True,1.0
A0A1H2CPI8,A0A3D9V5B4,True,1.0
A0A8B1PLS3,A0A3D9V3A3,True,1.0
I0L8I1,A0A3D9V3B2,False,0.5
A0A2C9ZI04,A0A3D9VAU7,True,1.0
A0A848DMN9,A0A3D9V9Y0,True,1.0
A0A327YWG4,A0A3D9VJN6,True,1.0
A0A4Y4B5M4,A0A3D9V0P6,True,1.0
A0A101QLF7,A0A3D9V8Z6,True,1.0
A0A239C6C5,A0A3D9V9J2,True,1.0
A0A5J6JCM9,A0A3D9V605,True,1.0
A0A1Y5S5P5,A0A2S5JHB9,True,1.0
A0A231MUQ1,A0A3N1Y9M7,True,1.0
A0A177YL53,D6Y778,True,1.0
A0A640UT54,D6Y3K8,True,1.0
A0A512PER8,D6Y904,True,1.0
A0A1H2UMY8,A0A4S3L177,True,1.0
D1BX47,A0A3D9VC31,True,1.0
A0A1H2CHW4,A0A3D9V5B4,True,1.0
A0A7W3XZ78,A0A3D9V3B2,True,1.0
A0A109IIT1,A0A3D9VAU7,False,0.3333333333333333
A0A8H9GXR4,A0A3D9V9Y0,True,1.0
A0A8J3LWD1,A0A3D9VJN6,True,1.0
A0A1K2B620,A0A3D9V0P6,False,0.5
A0A1G9UXZ4,A0A3D9V8Z6,True,1.0
A0A1H8UEP4,A0A3D9V9J2,True,1.0
A0A3N1GZF2,A0A3D9V605,True,1.0
A0A151FS73,A0A2S5JHB9,False,0.5
A0A6V8JZB5,D6Y3K8,True,1.0
C6WQS1,D6Y904,True,1.0
A0A2D0AWN0,A0A3D9VC31,True,1.0
A0A852SBF9,A0A3D9V5B4,True,1.0
A0A1H2QDK8,A0A3D9V3A3,True,1.0
A0A4R5C0J3,A0A3D9V3B2,False,0.5
A0A7W9J642,A0A3D9VAU7,False,0.3333333333333333
A0A0A6UJB3,A0A3D9V9Y0,True,1.0
A0A1R1SPY1,A0A3D9VJN6,False,0.5
A0A231H353,A0A3D9V0P6,True,1.0
A0A1T3NLA0,A0A3D9V8Z6,True,1.0
A0A2T0SWU3,A0A3D9V9J2,True,1.0
A0A3N1HEN9,A0A3D9V605,True,1.0
A0A0U4YDQ7,A0A2S5JHB9,True,1.0
A0A941DXM5,A0A178U0J3,True,1.0
A0A917SN14,D6Y2W5,True,1.0
A0A2R5GZW2,D6Y778,False,0.5
A0A3E0GVZ7,D6Y904,False,0.3333333333333333
A0A1S6J9P3,A0A3D9VC31,True,1.0
A0A1R1SJQ4,A0A3D9V5B4,True,1.0
A0A919CXJ8,A0A3D9V3A3,True,1.0
A0A853B6M2,A0A3D9VAU7,False,0.3333333333333333
A0A1Y3M9Q5,A0A3D9V9Y0,False,0.3333333333333333
A0A543JAV8,A0A3D9VJN6,True,1.0
A0A1Y5XM46,A0A3D9V8Z6,True,1.0
A0A161LIA3,A0A3D9V9J2,True,1.0
A0A8J3T4W6,A0A3D9V605,True,1.0
A0A1I0MUN4,A0A2S5JHB9,True,1.0
A0A841AWB6,D6Y778,True,1.0
A0A0A0C087,D6Y904,True,1.0
A0A0B5DML7,A0A3D9VC31,True,1.0
I4F1V6,A0A3D9V5B4,True,1.0
A0A8J3S9J4,A0A3D9V9Y0,True,1.0
A0A0U3M4Y3,A0A3D9VJN6,True,1.0
A0A1J4N9F0,A0A3D9V8Z6,True,1.0
A0A1C6VEV4,A0A3D9V605,True,1.0
Q168X1,A0A2S5JHB9,True,1.0
A0A2M8WRJ6,D6Y778,False,0.5
A0A7W9WKE7,D6Y904,True,1.0
A0A1H0UQC8,A0A3D9VC31,True,1.0
A0A852VWD0,A0A3D9V5B4,True,1.0
A0A917VRC4,A0A3D9V9Y0,True,1.0
A0A229RJM9,A0A3D9VJN6,True,1.0
A0A510D3Y9,A0A3D9V8Z6,True,1.0
A0A4V2YUW3,A0A3D9V605,True,1.0
A0A2T5BS16,A0A2S5JHB9,False,0.5
A0A2S6GQY5,D6Y778,False,0.5
A0A543FVD5,D6Y904,True,1.0
A0A1W2FQW6,A0A3D9VC31,True,1.0
A0A6V8K978,A0A3D9V5B4,True,1.0
A0A1H6F040,A0A3D9V9Y0,True,1.0
A0A1M5L0A3,A0A3D9VJN6,True,1.0
A0A328N736,A0A3D9V8Z6,True,0.6666666666666666
A0A5D0TYS2,A0A3D9V605,True,1.0
A0A1N7H7S1,A0A2S5JHB9,True,1.0
A0A841D1E2,A0A3D9VC31,True,1.0
A0A919QDH7,A0A3D9V5B4,True,1.0
R1HJG7,A0A3D9V9Y0,True,1.0
A0A0M8QE04,A0A3D9VJN6,True,1.0
A0A5P1YE90,A0A3D9V8Z6,True,1.0
A0A3E0H4Y5,A0A3D9V605,True,1.0
A0A117R4F8,A0A3D9VC31,False,0.5
A0A0B5IIY8,A0A3D9V5B4,True,1.0
A0A3N0CD22,A0A3D9V9Y0,True,1.0
A0A543B274,A0A3D9VJN6,True,1.0
A0A1C6W6A1,A0A3D9V8Z6,True,1.0
A0A3N4SF78,A0A3D9V605,True,1.0
A0A4R6VIL3,A0A3D9VC31,True,1.0
L1L6N4,A0A3D9V5B4,True,1.0
A0A7W7WJC3,A0A3D9V9Y0,True,1.0
A0A8J7GU02,A0A3D9VJN6,True,1.0
A0A4P6TW14,A0A3D9V8Z6,True,1.0
K0K177,A0A3D9V605,True,1.0
A0A0N9I403,A0A3D9VC31,True,1.0
A0A1Q9LNL8,A0A3D9V5B4,True,1.0
A0A6V8L4K3,A0A3D9VJN6,True,1.0
A0A544W0E4,A0A3D9V605,True,1.0
A0A561TG55,A0A3D9VC31,True,0.6666666666666666
A0A7M2T0G9,A0A3D9V9Y0,True,1.0
A0A077LSW9,A0A3D9VJN6,True,1.0
A0A2C8Z9K4,A0A3D9V605,False,0.0
A0A4V2YQF4,A0A3D9VC31,True,1.0
A0A4R5C108,A0A3D9VJN6,True,1.0
A0A385DC35,A0A3D9V605,True,1.0
A0A7W7CBI1,D6Y4U6,True,0.6666666666666666
A0A5M4FCW8,D6Y9H7,True,1.0
A0A4R4NSN7,D6Y4V2,True,1.0
X0QY64,D6Y828,False,0.5
A0A7G3DWB8,A0A1V9BIB4,True,1.0
A0A1G9ZCC6,A0LU58,False,0.3333333333333333
A0A1H9XZ81,A0LS81,True,1.0
A0A1C4UIC2,A0LVP3,False,0.5
A0A4Q9HWL5,I1D2N1,True,1.0
A0A845EU63,A0A4V1A392,False,0.3333333333333333
A0A168W727,A0A4P6UYM4,False,0.5
A0A3M8CW71,A0A4P6URA3,False,0.5
A0A1G7E483,A0A4V1A2V2,True,1.0
A0A377FRN3,A0A178TTQ0,True,1.0
A0A7Y6EV63,A0A2T0LI32,True,1.0
V6IV74,A0A2T0LB60,False,0.5
A0A1C4YJ85,D6Y492,True,1.0
A0A4Q9HVC4,D6Y8Z8,False,0.5
A0A417YFK4,A0A521AD01,True,1.0
A0A919EBP6,D6Y848,True,1.0
A0A445N796,D6Y6C7,True,1.0
A0A1Y3M063,D6Y7S1,True,1.0
A0A1H5C8N1,D6Y930,False,0.5
A0A853BHA5,D6Y2Z9,True,1.0
C7Q004,D6Y8J5,True,1.0
A0A6G4AT17,D6Y6M4,True,1.0
A0A2N8PM46,A0A1M6WUS8,False,0.5
A0A1S6JH12,A0A1M6Z6S1,True,1.0
A0A1H4KM58,A0A3N1Y7S8,True,1.0
A0A6A7YRH0,A0A3N1Y094,True,1.0
A0A2S7ELC3,A0A3N1Y2A5,False,0.5
A0A0D1XX91,A0A1I0SXY6,True,1.0
A0A1D7VN50,A0A1H1GZ36,False,0.3333333333333333
A0A1C5K1X4,A0A1H1HJ15,True,0.6666666666666666
A0A0A6XG46,A0A1H1DWM5,False,0.3333333333333333
G0FYX0,A0A1H1F868,True,1.0
A0A542DQM2,A0A1H1ELK9,True,1.0
A0A542SMR9,A0A1H1FAZ3,True,0.6666666666666666
A0A544YVV4,A0A1H1I1X4,True,1.0
A0A4Q7KQ74,A0A1H1I6X5,True,1.0
A0A7Y9FHG3,A0A1H1HYD7,True,1.0
A0A919EIC4,A0A1H1G162,True,1.0
A0A2N8PMY6,A0A1H1DDP2,True,1.0
V6M8J2,A0A7V9Z6U7,True,1.0
A0A3A9ZCK5,D6Y9H7,False,0.5
H1QIF9,D6Y4V2,True,1.0
A0A1H4W4L2,D6Y828,False,0.5
A0A1A6GAN3,A0A1V9BIB4,True,1.0
A0A7Y9E787,A0LU58,False,0.3333333333333333
A0A7W7SMJ0,A0LS81,True,1.0
A0A7W3LPZ2,A0LVP3,True,1.0
A0A1S7FER0,A0A2T0LI32,True,1.0
A0A220ML83,A0A2T0LB60,False,0.5
A0A919K929,D6Y492,True,1.0
A0A561ESF8,D6Y8Z8,True,1.0
A0A841FU88,D6Y848,True,1.0
A0A7W3NRD6,D6Y6C7,True,1.0
A0A3E0H495,D6Y7S1,True,0.6666666666666666
A0A840P1I6,D6Y930,True,1.0
A0A2N3YJZ0,D6Y2Z9,True,1.0
A0A1C5GP14,D6Y6M4,True,1.0
A0A1T4YD35,A0A1M6WUS8,False,0.5
A0A2T0JWX8,A0A1M6Z6S1,True,1.0
A0A432DGH0,A0A3N1Y7S8,True,1.0
A0A093UF81,A0A3N1Y094,True,1.0
A0A7W5V570,A0A1H1GZ36,True,1.0
A0A124I5R2,A0A1H1HJ15,True,1.0
A0A1H2YM89,A0A1H1DWM5,False,0.3333333333333333
A0A8J4DEK2,A0A1H1ELK9,False,0.3333333333333333
A0A344U8I1,A0A1H1CF51,True,1.0
A0A930V7Z4,A0A1H1FAZ3,False,0.5
A0A1Y2NAB3,A0A1H1I1X4,True,1.0
A0A560WDL9,A0A1H1I6X5,False,0.5
A0A7Y7E5Q0,A0A1H1HYD7,True,1.0
A0A542EKV1,A0A1H1G162,False,0.5
A0A7X5V4M4,A0A1H1DDP2,False,0.3333333333333333
A0A1I5NAH1,A0A7V9Z6U7,True,1.0
A0A1C6U0C0,D6Y9H7,False,0.5
A0A7W7WSV6,D6Y4V2,False,0.3333333333333333
A0A124HCD7,D6Y828,True,1.0
A0A410WWX2,A0A1V9BIB4,True,1.0
A0A7W7D5Q6,A0LU58,True,1.0
A0A5M3WKW2,A0LS81,True,1.0
A0A0L8MKM6,A0LVP3,False,0.5
A0A4U2Z0U2,A0A4P6UYM4,False,0.5
A0A0U2VQE2,A0A4P6URA3,True,1.0
H3SIP9,A0A2T0LI32,False,0.25
A0A3N6D796,A0A2T0LB60,False,0.5
A0A3N0CG62,D6Y492,True,1.0
A0A1C6UM53,D6Y8Z8,False,0.5
A0A1S6RHT0,D6Y848,True,1.0
A0A2N3V7Y4,D6Y6C7,True,1.0
A0A917VT93,D6Y2Z9,True,1.0
A0A231GZE2,D6Y6M4,False,0.5
A0A0A6U9Q1,A0A1M6WUS8,False,0.5
A0A919L673,A0A1M6Z6S1,True,1.0
A0A7W9FDL1,A0A1H1GZ36,False,0.5
A0A7T4PM90,A0A1H1HJ15,True,0.6666666666666666
R4SS27,A0A1H1DWM5,False,0.3333333333333333
A0A5N8XXM8,A0A1H1F868,True,1.0
A0A3E0IAJ9,A0A1H1ELK9,True,1.0
A0A4V3D9E3,A0A1H1FAZ3,True,0.6666666666666666
A0A543J805,A0A1H1I1X4,True,1.0
A0A8J3VPI2,A0A1H1HYD7,True,1.0
A0A1H6CZD8,A0A1H1G162,True,1.0
A0A7R7HVD6,A0A1H1DDP2,True,1.0
A0A4Y8L6U9,A0A226QLR1,True,1.0
A0A7X9WCZ2,A0A7V9Z6U7,True,1.0
A0A7Y4L3D5,D6Y9H7,False,0.5
A0A919MN17,D6Y4V2,True,1.0
A0A6G3TGM9,D6Y828,True,1.0
A0A3N5BN32,A0A1V9BIB4,True,1.0
A0A221NXU5,A0LU58,True,1.0
A0A7W7G6Z0,A0LS81,True,1.0
A0A3N1GA49,A0LVP3,True,1.0
I2C977,A0A4P6UYM4,True,1.0
A0A5B8TQC5,A0A4P6URA3,False,0.5
A0A172ZBU9,A0A2T0LB60,False,0.5
A0A1I6F825,D6Y492,True,1.0
A0A4R6RRB0,D6Y8Z8,False,0.5
A0A8J3PVY9,D6Y6C7,True,1.0
A0A2T0SWT5,D6Y2Z9,True,1.0
A0A2P2FZT1,A0A1M6WUS8,False,0.5
A0A7Y9K9F8,A0A1M6Z6S1,True,1.0
A0A7W3J6X8,A0A1H1GZ36,True,1.0
A0A8F6DY62,A0A1H1HJ15,True,0.6666666666666666
A0A5D0UDK0,A0A1H1ELK9,True,1.0
A0A1C5I358,A0A1H1HMW6,True,1.0
A0A2T0KDT6,A0A1H1I1X4,True,1.0
A0A2M8W493,A0A1H1HYD7,True,1.0
S5VES3,A0A1H1G162,False,0.5
A0A495II66,A0A1H1DDP2,True,1.0
A0A378ZI53,A0A7V9Z6U7,True,1.0
A0A8J7KN57,D6Y9H7,False,0.5
A0A1G8XXZ5,D6Y4V2,False,0.3333333333333333
X0Q272,D6Y828,False,0.5
V6KFG8,A0LU58,True,1.0
A0A4Q1L2F9,A0LS81,True,1.0
A0A2S6GDD6,A0LVP3,True,1.0
A0A090ZC61,A0A2T0LB60,True,1.0
A0A7Y6C9I3,D6Y8Z8,False,0.5
A0A543JM80,D6Y6C7,False,0.5
A0A1G9QK06,D6Y2Z9,False,0.5
A0A8J7WNC8,A0A1M6WUS8,False,0.5
U5EHP9,A0A1H1GZ36,True,1.0
A0A8J4DF24,A0A1H1HJ15,True,1.0
A0A841B6N8,A0A1H1I1X4,True,1.0
A0A1E7NF14,A0A1H1HYD7,True,1.0
A0A918GDR1,A0A1H1G162,True,1.0
A0A1C5I354,A0A1H1DDP2,True,1.0
A0A939F8H2,D6Y4V2,False,0.3333333333333333
A0A0A0C1B6,D6Y828,False,0.5
A0A495ICQ3,A0LU58,True,1.0
A0A4Q1KYK0,A0LS81,True,1.0
A0A7Y9G661,A0LVP3,True,1.0
A0A919QC47,D6Y8Z8,False,0.5
C8X847,D6Y6C7,True,1.0
A0A1S6RMH8,D6Y2Z9,True,1.0
F9W1C9,A0A1H1GZ36,True,1.0
A0A5M3W7Y7,A0A1H1HJ15,True,0.6666666666666666
A0A1H5PX32,A0A1H1I1X4,True,1.0
A0A3S3BD77,A0A1H1G162,True,1.0
A0A7W7CEL4,A0A1H1DDP2,False,0.5
A0A1B2HFK6,D6Y4V2,True,1.0
A0A1G7MPA5,D6Y828,False,0.5
A0A6V8L1Y8,A0LU58,True,1.0
A0A543B1X4,A0LS81,True,1.0
A0A0B5DEP8,A0LVP3,True,1.0
A0A8J3SIK0,D6Y8Z8,False,0.5
A0A660CKY7,D6Y6C7,True,1.0
A0A919VY51,A0A1H1GZ36,True,0.6666666666666666
A0A8T4IT24,A0A1H1I1X4,False,0.5
A0A927MBJ9,A0A1H1G162,True,1.0
I4F3L4,A0A1H1DDP2,True,1.0
A0A1H8KWB1,D6Y4V2,True,1.0
A0A2M8WUE0,D6Y828,False,0.5
A0A7G6YC30,A0LU58,True,1.0
A0A1G6LHE6,A0LS81,False,0.5
A0A6V8KYE1,A0LVP3,True,1.0
A0A1H1NP81,D6Y8Z8,True,1.0
A0A852ZF47,D6Y6C7,True,1.0
A0A1H2JQU6,A0A1H1GZ36,True,1.0
D3QAC8,A0A1H1I1X4,True,1.0
A0A4Y4GB47,A0A1H1G162,True,1.0
A0A1T4QNL4,A0A1H1DDP2,False,0.3333333333333333
A0A7Y7B0Z1,D6Y4V2,True,1.0
A0A7W9UD79,D6Y828,True,1.0
A0A495W567,A0LU58,True,1.0
A0A0B5I884,A0LS81,True,1.0
A0A1E3R5Z1,A0LVP3,True,1.0
A0A7W9J7I4,D6Y8Z8,False,0.5
A0A927RCB3,A0A1H1GZ36,True,1.0
A0A1K1RZP5,A0A1H1I1X4,True,1.0
A0A4V1RKX6,A0A1H1G162,True,1.0
A0A1I5RFH8,A0A1H1DDP2,True,1.0
A0A1Z2L208,D6Y4V2,False,0.3333333333333333
A0A5J6F8F8,D6Y828,False,0.5
A0A221P1R6,A0LS81,True,1.0
A0A7G1KV35,D6Y6C7,False,0.5
A0A6L9QJL4,A0A1H1GZ36,True,1.0
A0A1I4WUI1,A0A1H1I1X4,True,1.0
A0A2T0QX58,A0A1H1DDP2,True,1.0
A0A7X0FWD3,D6Y4V2,False,0.3333333333333333
A0A1V6MGY3,A0LS81,False,0.5
A0A1H9VAH0,D6Y6C7,False,0.3333333333333333
A0A3N9Y3Y6,A0A1H1GZ36,True,0.6666666666666666
A0A1C5HKW3,A0A1H1I1X4,True,1.0
A0A2T0UJX5,A0A1H1DDP2,True,1.0
A0A345YNQ5,D6Y4V2,True,1.0
A0A4P6TWU9,D6Y6C7,True,1.0
A0A3N2CTK4,A0A1H1I1X4,True,1.0
A0A1R1SGD1,A0A1H1DDP2,False,0.5
A0A7J5UPB4,D6Y4V2,False,0.3333333333333333
A0A660CH72,A0A1H1DDP2,False,0.0
A0A7W8VCV5,D6Y4V2,False,0.3333333333333333
A0A1H5PBS8,A0A1H1DDP2,True,1.0
H0QYC1,A0A1H1DDP2,True,1.0
A0A8J4EFC7,A0A1H1DDP2,True,1.0
A0A1V3BZ98,A0A1H1DDP2,True,1.0
A0A918M2V7,A0A1H1DDP2,True,1.0
A0A0C3A7Q2,A0A1H1DDP2,True,1.0
A0A917B7W9,A0A7V9YWZ6,True,1.0
A0A3G5FDW2,A0A7V9YZZ5,False,0.3333333333333333
A0A1B3XW34,A0A7W0BUR5,True,0.6666666666666666
A0A0A2UUJ5,A0A7V9Z9R9,True,0.6666666666666666
A0A2Z2KMK5,A0A7V9Z2Q7,True,1.0
A0A1X9M914,A0A7V9Z685,True,1.0
A0A269Y399,A0A7V9Z8L6,False,0.5
A0A0M0GK89,A0A7H1RXD4,True,1.0
A0A1Z5I9A3,A0A1V9C6L5,False,0.3333333333333333
A0A0D1V3W4,A0A1V9C4Z6,True,1.0
W1SLU5,A0A7H1RZ29,False,0.3333333333333333
R3WFJ4,G8N4W9,True,1.0
Q81D80,G8N5Z7,True,1.0
Q81I47,G8N3M9,True,1.0
A0A443INA3,G8N0V3,True,1.0
E0I5G9,G8MY36,False,0.3333333333333333
A0A127KB50,A0A2S5T2S0,False,0.5
A0A2T6FZV4,A0A1H8IG52,False,0.5
A0A1G8V3W5,A0A1H8IV10,True,1.0
W7AY08,A0A226QBZ8,False,0.5
Q8CXB1,A0A226Q807,True,1.0
A0A920CNL2,A0A226QAT4,True,1.0
A0A841TQE6,A0A226Q4Z1,True,1.0
A0A179SXY4,A0A223EVM0,True,1.0
R3TVV8,A0A226QAZ1,True,1.0
A0A1D2KHC3,A0A226QB80,True,1.0
V6MC60,A0A7W8IPT7,True,1.0
A0A0A6VBS0,A0A7W8ISB6,True,1.0
Q9K884,A0A7W8IQF6,False,0.5
A0A2V2YZC9,A0A7W8IUQ7,True,1.0
A0A3G5F7I7,A0A7W8MV04,True,1.0
A0A7X6N148,A0A7W8INT9,True,1.0
A0A3M8BDQ3,A0A7W8IV20,True,1.0
A0A223KQ34,A0A7W8IS27,True,1.0
A0A0D1WBB0,A0A521B2M3,True,1.0
A0A1I3VP37,D6Y9P9,True,1.0
A0A2N8NX02,D6YAE0,True,1.0
A0A175J527,D6Y482,True,1.0
A0A7W7SM26,D6Y493,False,0.5
H1QHA1,D6Y4D0,False,0.3333333333333333
A0A8J3V804,D6Y5T6,False,0.3333333333333333
A0A7Y9JI81,D6Y2P1,False,0.3333333333333333
A0A6V8KF55,D6YAI0,True,1.0
A0A0K9F9R2,A0A540V2P7,True,1.0
A0A0R2F847,A0A540UWZ2,True,1.0
A0A1I2EIG6,A0A2T0LJ49,False,0.3333333333333333
A0A4Y8UA20,A0A7V9YZZ5,False,0.5
G2SQD8,A0A7V9Z9R9,False,0.5
A0A0A3I8C7,A0A7V9Z2Q7,True,1.0
A8FCP8,A0A7V9Z685,False,0.5
A0A1R0YNK7,A0A7H1RXD4,True,1.0
A0A0D5NRR7,A0A1V9C6L5,True,1.0
A0A4Y1ZB11,A0A1V9C4Z6,False,0.5
A0A1H0HKG1,A0A3N2H650,True,1.0
A0A168JPD5,G8N5Z7,True,1.0
A0A918D2Q5,G8N4P7,False,0.5
A0A410WY71,G8N3M9,True,1.0
A0A0R2CYX7,G8MY36,True,1.0
A0A4Y8U6N1,A0A226QAT4,False,0.5
A0A1A6G631,A0A226Q4Z1,True,1.0
A0A7H1QY15,A0A223EV12,True,1.0
A0A3N5B786,A0A226QAZ1,False,0.3333333333333333
A0A3M8AUU0,A0A7W8IQF6,False,0.5
A0A5B8TLR4,A0A7W8MV04,True,1.0
F2I6M6,A0A7W8INT9,True,1.0
A0A4Y1ZI81,A0A7W8IV20,True,1.0
A0A1C7E614,A0A521B2M3,True,1.0
A0A7W5F1X4,D6Y9P9,True,1.0
A0A101PS01,D6YAE0,True,1.0
A0A239AFB3,D6Y482,True,1.0
A0A2A5J8F8,D6Y493,True,1.0
A0A2T6G8U8,A0A521EVJ4,True,1.0
A0A1C6TQ81,D6Y4D0,True,0.6666666666666666
A0A0B5DVM6,D6Y5T6,True,1.0
A0A6V8K2C9,D6YAI0,False,0.5
A0A0R1WHY9,A0A540UWZ2,True,1.0
A0A3N6EX54,A0A2T0LJ49,False,0.3333333333333333
A0A1R0YLT2,A0A7V9YZZ5,True,1.0
A0A1D7QUE4,A0A7V9Z9R9,False,0.5
A0A285CSS2,A0A7V9Z2Q7,True,1.0
A0A2N5HJZ8,A0A7V9Z685,True,0.6666666666666666
D5DVJ6,A0A1V9C4Z6,False,0.5
H3SLQ5,G8N4W9,True,1.0
A0A2K4AHE3,G8N3M9,True,1.0
A0A1I2E6F6,G8MY36,True,1.0
A0A5C0WKQ4,A0A226Q4Z1,True,1.0
M7NBV8,A0A226QAZ1,True,1.0
A0A3R9QNM1,A0A7W8IPT7,False,0.3333333333333333
A0A7W8CTA7,A0A7W8IQF6,True,1.0
Q9KG27,A0A7W8IV20,True,1.0
A0A239JLE6,D6Y9P9,True,1.0
A0A1H4ZBA0,D6YAE0,True,1.0
C7Q9G3,D6Y482,False,0.5
A0A344TU39,D6Y493,False,0.5
A0A5D4T003,A0A521EVJ4,True,1.0
A0A4R5B9Y5,D6Y4D0,False,0.3333333333333333
A0A1I5M3U3,D6Y5T6,False,0.3333333333333333
S5V6M5,D6YAI0,True,1.0
A0A1G9J9N4,A0A540UWZ2,False,0.5
K4Z7G1,A0A7V9Z9R9,False,0.5
A0A7X3CUT2,A0A7V9Z2Q7,False,0.3333333333333333
R9LET6,G8N3M9,True,1.0
A0A0R1QKV2,G8MY36,True,1.0
A0A3S1BSF4,A0A226QAZ1,True,1.0
D5DVJ6,A0A7W8IQF6,False,0.5
A0A919PY39,D6Y9P9,True,1.0
A0A8J3Z7H9,D6YAE0,True,1.0
A0A7Y9X5J0,D6Y482,False,0.5
A0A7W8VF28,D6Y493,False,0.5
A0A1G7RU55,A0A521E6K7,True,1.0
A0A7W7M988,D6Y5T6,True,1.0
W6JZX6,D6YAI0,False,0.3333333333333333
W7BD40,A0A7V9Z9R9,True,1.0
R9LGC9,A0A7V9Z2Q7,True,1.0
A0A1R0YKU7,G8N3M9,True,1.0
A0A378ZI53,A0A226QAZ1,True,1.0
A0A919FDE1,D6Y9P9,True,1.0
A0A7G7CA82,D6YAE0,True,1.0
A0A7W7QC96,D6Y493,True,1.0
A0A5P2XL26,D6Y5T6,True,1.0
A0A1H9XE83,D6YAI0,False,0.3333333333333333
A0A8J3RRY2,D6Y9P9,False,0.5
A0A7Y9GH91,D6YAE0,False,0.5
A0A1H2CZE2,D6Y5T6,True,1.0
A0A7W9J174,D6YAI0,True,1.0
A0A2P8IJC1,D6Y9P9,True,1.0
A0A841FJ83,D6YAE0,True,1.0
A0A3M0HWK3,D6Y5T6,True,1.0
U5VX16,D6YAI0,True,1.0
M3TPW7,D6YAE0,True,1.0
A0A1C6STU8,D6Y5T6,True,1.0
A0A231HBP1,D6YAI0,True,1.0
A0A4Q5IU31,D6Y5T6,False,0.3333333333333333
D3Q5Z5,D6Y5T6,True,1.0
A0A7W7VCD9,D6Y5T6,False,0.3333333333333333
A0A0M0L808,A0A1V9CMZ2,True,1.0
S4A2N8,D6Y5T6,True,1.0
A0A2A8NFH3,A0A540V1F3,True,1.0
A0A1H8YFS3,D1ADA9,False,0.5
A0A5Q0H5D4,D1A3X7,True,1.0
A0A1B1Z232,A0A150M353,False,0.5
A0A919TAW1,D1A3H2,True,1.0
A0A8J3UJB2,D1A387,False,0.5
A0A511ZDQ0,A0A150L3C8,True,1.0
A0A846RL10,D1A4F8,False,0.3333333333333333
A0A4Q7D0K7,A0A3N1Y104,False,0.5
A0A0F3KV13,A0A3N1Y660,False,0.5
K0CKK0,A0A3N1Y198,False,0.5
A0A2S6ZGI8,A0A3N1Y4T9,True,1.0
A0A5S4GFG6,A0A1H1CI33,True,1.0
A0A3N4RW36,A0A1H1DD07,False,0.5
A0A840W8D5,A0A1H1HIG3,False,0.3333333333333333
A0A5D0TNK7,A0A1H1EGD3,False,0.3333333333333333
A0A1H4S6M6,A0A1H1C8M4,True,1.0
A0A7K3Q4W5,A0A1H1AAV2,True,1.0
A0A1H5QC81,A0A1H1D3C2,False,0.5
A0A8H9IU35,A0A1H1HD46,True,0.6666666666666666
A0A1G9FXZ0,A0A1H1BIT4,True,1.0
A0A5J6FAT0,A0A1H1DFU8,True,1.0
A0A0L0JZH6,A0A1H1HS80,False,0.3333333333333333
A0A510V2B2,A0A1H1D455,True,1.0
A0A2U1F680,A0A1H1FQC6,False,0.3333333333333333
A0A8G1UGK0,A0A1H1E1A5,True,1.0
A0A918EEG9,A0A1H1G020,True,1.0
A0A7W7CM56,A0A1H1DJW5,True,1.0
A0A4D4LA24,A0A1H1F137,True,1.0
A0A1I4KXL8,A0A1H1A3D3,False,0.0
A0A1C4YFC4,A0A1H1H6K0,True,1.0
A0A919PDK7,A0A1H1C6W0,True,1.0
A0A4Q2S5L8,A0A1H1BZP4,False,0.0
A0A2R5ET25,A0A420VID0,False,0.3333333333333333
A0A0M0LIG6,A0A1W6VMW0,True,1.0
W4VFB1,A0A1W6VS23,False,0.5
A0A8I1MIS5,A0A1W6VMW6,True,1.0
A0A1V8XAU7,A0A1W6VR62,False,0.3333333333333333
A0A1R0Y7C4,A0A679FK69,True,1.0
C0XLZ9,A0A679G202,True,1.0
A0A7X2Z5I2,A0A4S3KZR7,False,0.5
A0A1G8UUU0,A0A679FPS3,True,0.6666666666666666
A0A1R1AYL3,A0A1H2QDX0,True,1.0
A0A1S9XQX4,A0A1H2WCT4,True,1.0
A0A0A6VDL2,A0A1I2NJM9,True,1.0
A0A075R1T3,A0A226Q0T2,True,1.0
A0A239TNY5,A0A226QDX1,True,1.0
A0A0C2W3X0,A0A226QC43,False,0.5
Q834A8,A0A226QEH4,False,0.5
A0A3B0BD37,A0A226QBW7,True,1.0
H6NF68,A0A226Q5X6,False,0.5
A0A1H0YFL2,A0A226Q3Q6,True,1.0
A0A365K6Q3,A0A226Q2Z5,False,0.5
A0A0R1QD35,A0A1W6VWS0,True,1.0
A0A917HJ80,A0A165YM83,True,1.0
U5L423,A0A165YFE1,True,1.0
A0A7X0VGZ6,A0A165Z4X7,True,1.0
A0A1W1IHW4,A0A165WU46,True,1.0
A0A366JS87,Q5KVH9,False,0.5
A0A497YHN1,Q5KZD8,True,0.6666666666666666
A0A1Q2D6K5,Q5KYL8,True,1.0
A0A229RV20,D1ABG4,True,1.0
A0A918AWX1,D1ADA9,False,0.5
A0A918SPT9,D1A3X7,True,1.0
A0A0U3KFJ0,D1A3H2,True,1.0
A0A0R1IY80,A0A150L3C8,True,0.6666666666666666
A0A919QH52,D1A4F8,True,1.0
A0A840R5H2,A0A3N1Y104,True,1.0
A0A010RTP8,A0A3N1Y7J6,True,1.0
A0A7X5NF79,A0A3N1Y660,True,1.0
A0A543HV70,A0A1H1CI33,True,0.6666666666666666
H5XFK5,A0A1H1HIG3,True,1.0
A0A4R1G1H3,A0A1H1EGD3,True,1.0
A0A1C5IRB9,A0A1H1C8M4,True,1.0
A0A1G8IMU7,A0A1H1AAV2,True,1.0
A0A1H1PVB7,A0A1H1D3C2,False,0.5
A0A1H5PW64,A0A1H1HD46,True,1.0
W5W6B3,A0A1H1BIT4,True,1.0
A0A918AXL2,A0A1H1DFU8,True,1.0
A0A239BM53,A0A1H1HS80,True,1.0
A0A160P5B8,A0A1H1D455,True,1.0
A0A7W8Z381,A0A1H1E1A5,True,1.0
A0A1I4U3V2,A0A1H1DJW5,False,0.5
A0A1G8T9L7,A0A1H1F137,True,1.0
A0A7W7SLA0,A0A1H1A3D3,True,1.0
A0A1I2FZ87,A0A1H1C6W0,True,1.0
A0A7W9MU03,A0A1H1BZP4,False,0.0
A0A1Q2D3N3,A0A420VID0,True,1.0
A0A0L0QRE1,A0A420VFE0,False,0.5
A0A1C7DHE9,A0A1W6VMW0,True,1.0
A0A1G8LTY1,A0A1W6VS23,False,0.5
M5P0Z0,A0A1W6VMW6,False,0.3333333333333333
A0A5Q2NAN5,A0A679FK69,True,1.0
A0A1I5UNA2,A0A4V3UVC2,True,1.0
A0A2C2SAQ4,A0A4S3L5A2,True,1.0
A0A917HHN0,A0A1H2WGS5,False,0.3333333333333333
A0A2V4VFI4,A0A1H2QDX0,True,1.0
A0A090Y767,A0A1H2WCT4,True,1.0
A0A089LSW9,A0A1I7IH10,False,0.3333333333333333
Q2FY79,A0A1I2NJM9,True,1.0
A0A075RFL2,A0A226QDX1,True,1.0
F2F066,A0A226QC43,True,1.0
A0A285UP43,A0A226QEH4,True,1.0
A0A2T6GAI1,A0A226QBW7,True,1.0
A0A1R1F3A1,A0A165YFE1,True,1.0
Q5HQM6,A0A161ZVD3,True,1.0
A0A7X0WII1,Q5KZD8,True,1.0
A0A1H6ER81,D1ABG4,True,0.6666666666666666
A0A2N8NME4,D1A3X7,True,1.0
A0A101R3Q3,D1A3H2,True,1.0
A0A1A9B359,D1A4F8,True,0.6666666666666666
A0A3Q9G1S7,A0A1H1HIG3,True,1.0
A0A852ZHB1,A0A1H1EGD3,True,1.0
A0A7W7ZVI8,A0A1H1C8M4,True,1.0
A0A0L8L8F3,A0A1H1AAV2,True,1.0
A0A3N0BV69,A0A1H1D3C2,False,0.5
M3BUU1,A0A1H1BIT4,True,1.0
A0A6I4WB80,A0A1H1HS80,True,1.0
A0A4Y3V930,A0A1H1D455,True,1.0
A0A918GJP7,A0A1H1E1A5,True,1.0
A0A086MWH8,A0A1H1DJW5,True,1.0
A0A660CIV3,A0A1H1F137,True,1.0
A0A640S297,A0A1H1A3D3,True,1.0
A0A1I0VUA3,A0A1H1C6W0,True,1.0
A0A0Q3X0E1,A0A420VID0,True,1.0
A0A3M8CJS8,A0A1H2QDX0,True,1.0
H3SH01,A0A226QDX1,True,1.0
A0A097B5I9,A0A226QEH4,False,0.5
A0A7Y6BXT1,A0A165YFE1,True,1.0
A0A4Y3R478,D1ABG4,True,0.6666666666666666
A0A7H8THQ7,D1A3X7,True,1.0
A0A1G7WVJ0,D1A3H2,False,0.5
C6WJX4,A0A1H1HIG3,True,1.0
A0A7Z0WFB4,A0A1H1EGD3,False,0.25
A0A8J3RVQ8,A0A1H1C8M4,True,1.0
A0A495JEA5,A0A1H1AAV2,True,1.0
A0A1N6B693,A0A1H1D3C2,True,1.0
A0A2T0T233,A0A1H1BIT4,True,1.0
A0A4Y3QXX8,A0A1H1HS80,True,1.0
A0A7W7GD80,A0A1H1D455,True,1.0
A0A7W7GYV5,A0A1H1DJW5,True,1.0
A0A1H3SR52,A0A1H1F137,True,1.0
A0A1H0US94,A0A1H1A3D3,True,1.0
A0A927N681,A0A1H1C6W0,True,1.0
A0A0F7CK06,A0A1H2QDX0,True,1.0
A0A511H0L2,A0A226QDX1,True,1.0
A0A090ZBL1,A0A226QEH4,True,1.0
A0A7W5FMD7,A0A165YFE1,True,1.0
A0A345YLC5,D1ABG4,True,1.0
A0A1H2D5B7,D1A3X7,True,1.0
A0A927M876,D1A3H2,True,1.0
A0A2V4P9W0,A0A1H1HIG3,True,1.0
A0A1W2FY28,A0A1H1EGD3,True,1.0
A0A841BCF4,A0A1H1C8M4,True,1.0
A0A1C5IEH9,A0A1H1AAV2,True,1.0
A0A8J3PET1,A0A1H1D3C2,False,0.5
A0A124H7V5,A0A1H1BIT4,True,1.0
A0A6G3SQ75,A0A1H1D455,True,1.0
A0A1I5RP41,A0A1H1DJW5,True,1.0
A0A4Y3RFS7,A0A1H1F137,True,0.6666666666666666
A0A0D0WRV3,A0A1H1A3D3,False,0.3333333333333333
A0A1W2D026,A0A1H1C6W0,True,1.0
A0A0Q3WEA3,A0A226QEH4,True,0.6666666666666666
A0A4Y3RFS7,D1A3X7,True,0.6666666666666666
A0A2J7Z2V5,D1A3H2,True,1.0
A0A1G8DZM6,A0A1H1HIG3,True,0.6666666666666666
D3Q6S2,A0A1H1EGD3,False,0.3333333333333333
A0A3D9ZTV0,A0A1H1C8M4,True,1.0
A0A7W7MR33,A0A1H1AAV2,True,1.0
A0A8J4A0H1,A0A1H1D3C2,False,0.5
A0A0A6UH28,A0A1H1BIT4,True,1.0
A0A101TZ23,A0A1H1D455,True,1.0
A0A916YGE8,A0A1H1DJW5,True,1.0
A0A0A6UIK5,A0A1H1F137,True,1.0
A0A1D8BRT8,A0A1H1A3D3,True,1.0
A0A7W7CJB5,A0A1H1C6W0,True,1.0
A0A1I2BPY0,A0A226QEH4,False,0.5
A0A124I2I2,D1A3X7,False,0.5
A0A5N5WF08,D1A3H2,True,1.0
A0A6V8KY62,A0A1H1HIG3,True,1.0
A0A919B724,A0A1H1EGD3,True,1.0
A0A7I7Q7Q2,A0A1H1C8M4,True,1.0
A0A542YLZ4,A0A1H1AAV2,True,1.0
A0A542E604,A0A1H1D3C2,False,0.5
A0A6V8K8X5,A0A1H1BIT4,True,1.0
A0A318JR21,A0A1H1D455,True,1.0
A0A7Y7E8E0,A0A1H1DJW5,True,1.0
U5E6D3,A0A1H1F137,True,1.0
A0A918B504,A0A1H1A3D3,False,0.25
A0A927M945,A0A1H1C6W0,False,0.5
D3F3V9,A0A226QEH4,True,1.0
A0A542DXZ2,D1A3X7,True,1.0
A0A1C6TWD9,A0A1H1HIG3,True,1.0
A0A1Z2L557,A0A1H1EGD3,False,0.3333333333333333
A0A7W8FAP8,A0A1H1C8M4,True,1.0
A0A7X0KY41,A0A1H1AAV2,True,1.0
A0A5J4LTW6,A0A1H1BIT4,True,1.0
A0A2T0RXE0,A0A1H1D455,True,1.0
A0A011AEY4,A0A1H1DJW5,True,1.0
A0A918Y0E5,A0A1H1F137,True,1.0
A0A6G3SS79,A0A1H1A3D3,True,1.0
A0A0A6X260,A0A1H1C6W0,True,1.0
A0A837Y4V6,A0A226QEH4,True,1.0
A0A2R4SYM9,D1A3X7,True,1.0
A0A0F0GKA1,A0A1H1HIG3,True,1.0
A0A4Q2RZ30,A0A1H1EGD3,False,0.3333333333333333
A0A0N9HT33,A0A1H1C8M4,True,1.0
D3Q778,A0A1H1BIT4,True,1.0
A0A0A0BPD2,A0A1H1DJW5,True,0.6666666666666666
A0A852WUC7,A0A1H1F137,True,1.0
A0A0L8QJ70,A0A1H1A3D3,False,0.3333333333333333
F3NCW3,A0A1H1C6W0,True,1.0
A0A841TVJ2,A0A226QEH4,False,0.5
A0A2W2BD87,D1A3X7,True,0.6666666666666666
A0A543FV89,A0A1H1HIG3,False,0.5
A0A8E1VUH5,A0A1H1C8M4,False,0.3333333333333333
A0A1H9WJ72,A0A1H1BIT4,True,1.0
A0A1Y3FFA4,A0A1H1DJW5,True,1.0
A0A919IUG9,A0A1H1A3D3,True,1.0
K0K2U3,A0A1H1C6W0,True,1.0
A0A0N9I803,D1A3X7,True,1.0
A0A0A1DHB3,A0A1H1HIG3,True,1.0
A0A852X3W7,A0A1H1C8M4,False,0.3333333333333333
A0A918BE22,A0A1H1BIT4,True,1.0
A0A1H2LNW4,A0A1H1A3D3,True,1.0
A0A3S9PJ66,A0A1H1C6W0,True,1.0
A0A1I6F2C4,D1A3X7,True,1.0
A0A918QKC2,A0A1H1HIG3,True,1.0
A0A6I4W2T2,A0A1H1BIT4,True,1.0
A0A919FZG8,A0A1H1A3D3,False,0.3333333333333333
A0A4Q7NWL8,A0A1H1C6W0,True,1.0
A0A2P8I298,A0A1H1HIG3,True,1.0
C8XDJ5,A0A1H1BIT4,True,1.0
A0A1C5AM86,A0A1H1A3D3,True,1.0
A0A918LH82,A0A1H1C6W0,False,0.5
A0A542DL04,A0A1H1HIG3,True,1.0
A0A5N8XZ06,A0A1H1BIT4,True,1.0
A0A386WL39,A0A1H1A3D3,True,1.0
A0A6A0BQV8,A0A1H1C6W0,True,1.0
A0A269XJ18,A0A679FV94,True,1.0
A0A8E2B0H2,A0A1H1HIG3,True,0.6666666666666666
A0A640SF66,A0A1H1BIT4,True,1.0
A0A561SEZ3,A0A1H1C6W0,True,1.0
A0A1K0GM06,A0A1H1C6W0,True,1.0
A0A6V8KX92,A0A1H1C6W0,True,1.0
A0A4R5AFN0,A0A1H1C6W0,True,1.0
A0A7W9ZE84,A0A4R3MDL9,True,0.6666666666666666
A0A411X6R1,A0A4R3LH40,True,1.0
A0A4Y4CZM6,A0A1M4T6J2,True,1.0
A0A1X7HPU4,A0A4R3LWJ7,True,1.0
A0A436ZD24,A0A1M4TLR6,True,1.0
A3TXQ2,A0A4R3MB91,True,1.0
N6ZT09,A0A4R3LKM4,True,1.0
A0A1I3R4Z1,A0A4R3LZR7,True,1.0
A0A7Y3SLL7,A0A4R3MJH3,False,0.5
A0A2N0I1X4,A0A4R3ML98,True,1.0
A0A0G8WQ84,A0A1M5A9Y3,True,1.0
A0A1S1HAU8,A0A4R3MDN5,False,0.0
A0A1G7BTQ5,A0A4R3M8N6,True,1.0
A0A7G6SUY2,A0A4R3M9T2,False,0.0
A0A0P6VKH8,S9R2J3,True,1.0
A0A2T1APC5,S9R3J8,False,0.5
A0A495V6Y7,A0A7W7XZM1,False,0.3333333333333333
A0A0C2W325,A0A7W8IST5,True,1.0
X0PIR0,A0A846MBN7,True,1.0
A0A430AHL5,A0A846MKJ2,False,0.3333333333333333
A0A657XRY5,A0A846MBI9,True,1.0
A0A1G9SZY9,A0A846MDT4,False,0.3333333333333333
A0A0M0L9T5,A0A846MD43,False,0.5
A0A239TRI3,A0A846MLX5,False,0.5
A0A941IBQ0,A0A846MCZ8,True,1.0
A0A1R0YJW6,A0A846ML06,False,0.0
A0A2X4VSZ3,A0A1I7GRL3,True,1.0
A0A1I2FZJ3,A0A1I7K131,True,1.0
R9LKD0,A0A1I7I6Z9,True,1.0
A0A1G4T5C6,A0A1I7L8I4,True,1.0
A0A1I6PCS9,A0A1I7I542,False,0.5
A0A6P2SSR2,A0A1M4Y2A5,True,1.0
A0A1J6HSJ7,A0A4R3LWJ7,True,1.0
D9QNZ8,A0A4R3MB91,False,0.3333333333333333
A0A1Y5TT47,A0A4R3MJH3,False,0.5
A0A8J6YKW4,A0A4R3ML98,True,1.0
A0A226X814,A0A1M5A9Y3,True,1.0
A0A3D8P7C6,A0A4R3M9T2,True,1.0
M9RS27,S9R2J3,True,1.0
A0A0H5DHE9,S9R3J8,False,0.5
A0A433KVR9,A0A7W7XZM1,True,1.0
A0A3N9UFC1,A0A7W8IST5,True,1.0
A0A133Q173,A0A846MDT4,True,1.0
A0A0C1M428,A0A846MLX5,True,1.0
A0A179ETJ9,A0A846ML06,False,0.0
A0A2W7NB85,A0A4R3LWJ7,False,0.5
A0A0M6YEX3,A0A4R3MJH3,False,0.5
D5ATW9,A0A4R3ML98,True,1.0
A0A1X9MFG9,A0A846MDT4,False,0.3333333333333333
W1SDM4,A0A846MD43,False,0.3333333333333333
A0A838CYD2,A0A846MCZ8,True,1.0
A3VC96,A0A4R3MJH3,False,0.5
A0A2V2YV63,A0A846MDT4,True,1.0
A0A1H8UNN7,A0A4R3MJH3,False,0.3333333333333333
A0A2T5KBA7,A0A4R3ML98,True,1.0
A0A2C7ADM4,A0A4R3MJH3,False,0.5
A3SK45,A0A4R3ML98,True,1.0
W8I921,A0A4R3ML98,True,1.0
