,Unnamed: 0,local_gap_compressed_percent_id,scaled_local_query_percent_id,scaled_local_symmetric_percent_id,query_align_len,query_align_cov,subject_align_len,subject_align_cov,bit_score,thermo_index,meso_index,prot_pair_index,meso_protein_int_index,thermo_protein_int_index,taxa_pair_index,local_gap_compressed_percent_id_16s,scaled_local_query_percent_id_16s,scaled_local_symmetric_percent_id_16s,query_align_cov_16s,subject_align_cov_16s,bit_score_16s,m_ogt,t_ogt,ogt_difference,m_protein_seq,t_protein_seq,m_protein_desc,t_protein_desc,m_protein_len,t_protein_len
11688,11688,0.31578946,0.27659574,0.28467155,243,0.86170214,252,0.94736844,244,7134,10713,100920874,36338880,8073361,312068,0.9016393442622952,0.9016393442622952,0.9034165571616294,0.998032786885246,0.9980250164581962,1059.0,28.0,52.5,24.5,MSGAPGPLVGRTALVTGGSRGVGRAVALRLARDGAAVAVNYRRDAAAADEVVEQIVAAGGRAAAYCASIDDTAAVAEMVTAIRADLGPVDLIVSNAGSASRGQDVASTPQADYLQLMQVHAFGPIALIQQALPDMRKAAAGEAGRGDIVMISSNTTLSAPANSAPYTMAKAAMETCVRTIAREERRYGIHANIVAPGLIATEMGKRLVSAARGADIGDLDADSPFGRVCRPEDVAGTVAFLVSPDSGYVTGQRLVVDGGGPNPTIF,MHIDLSGRVAIVTGAGRGIGRHLVLRLAREGVTTVALDVDQGNLDSLGGELAETGVPSSQFVCDVTDATRVQEVVEETVRRHGRVDILVNNAGVAGGGAVDTMPEDRWRLCQDVNLTGTYLMCKAAVPIMKRQRSGRIINAASFAAIIPTVGGAAYAASKAAVAQFTRALAGELGPWNITANAYAPGMIPTEMNHFTERPPEVQERLLDLLTIRRWGTPDDIAHLVCFLASDQAAYITGTLIDISGGKLVTQVPRVAYDQAARRDPTLQQPTPDAREPSRTP,SDR family oxidoreductase,SDR family oxidoreductase,266,282
46956,46956,0.30923694,0.29501915,0.29166666,253,0.96934867,256,0.9588015,219,16507,16345,127355900,27995209,51777615,744513,0.9304993252361672,0.935549525101764,0.9358669833729216,1.0,1.0,1150.0,30.0,52.0,22.0,MEAHNLDDSTAIVTGAVGDIGGGITRELAKAGCNITIADIGISEQAANSDSKPDNRQHARELADDLESLGAETLLVECDVTNAEQVEEMVETTVDELGTLDILASNAGIITYSPVEEMDEDAWDSVMDVNAKGIFLCARAAIPHLKDGGAIINTASIAGEIGSEGIGHYSASKHAVIGLTKTLALELAEDDVTVNALCPGIVDTPMWRDVLTPASEEAYEDTIQRSIPLHRDQKPEDMGRLVVFLAQNRNITGEAIKVDGGITQDVL,MDLELDDSTALVTASSSGLGFASAQALASEGANVTICGRDGDRLEDAREDVAETGPGDVLAIQADLTDPDDVSRLVGETVETFGGLDHVVTSAGGPPSTTFLETDERDWYASFDLLVMSVVWTIEEAHPHLLESPHGTITCITSRTVKEVADGLLLSNAVRRGVEGLVKTISREFAPEIRANTVVPGTIETARIEELLEARIERGVYADYEEGLADFADSVPMDRIGEPRELGDLVAVLASPRASYVNGASIPIDGGELRS,SDR family oxidoreductase,SDR family oxidoreductase,267,261
21853,21853,0.30927834,0.23255815,0.21352313,202,0.78294575,194,0.6381579,192,875,12438,17295845,57791259,16290084,32610,0.9023591087811272,0.8994121489222731,0.9005886200130805,0.9973873285434356,0.9973804846103472,1049.0,28.0,50.0,22.0,MSVITIDQASRWYGNVVAVNGISMTVRPGVTGLLGPNGAGKTTLIALMSGFVAPSAGTVTLDGEPIWRHTDAYRTIGLVPERELSFGYLTGRQFVLANAELHGLADPGAAAERALEVVEMTEPAGRRIGTYSKGMRQRVKLASALVHDPSVLLLDEPFNGVDPRQRLHLMSLLRRMGAEGRTVLFSSHILEEVEQVARQIEVMVSGRHAASGDFGQIRRLMTDRPVQYVVVGDDDRALAGALIAEPSVVAVALRRAGGVDVSVSDFGAFTVRLPQVARQHGIRILELTPTDESLESVFAYLVGG,MTQGNGTDSGLAVELRGLRKSFGRLEVLKGIDLDVRHGQVVCIIGPSGSGKSTLLRCVNLLEQPDSGSVKVNGVELNDPDCDLDTARASIGMVFQSFNLFSHLNVLDNLTLAQRKVLKRGKAEAERIGRENLERVGLADKVYAMPSQLSGGQQQRVAIARALSMNPKVMLFDEPTSALDPELVGDVLGVMRSLADEGMTMLVVTHEMQFAREVADEVLFMDGGVVVEQGPPSRVIGDPQQARTREFLRRVLNPVHANE,ABC transporter ATP-binding protein,amino acid ABC transporter ATP-binding protein,304,258
36162,36162,0.33461538,0.2979452,0.31127012,270,0.9246575,257,0.9625468,177,14963,14618,6572283,26907876,28680806,652045,0.934036939313984,0.9267015706806284,0.9294387922546768,0.9973821989528796,0.9973666886109284,1177.0,30.0,52.5,22.5,MVICAVHVPESADAAVDCLAGGGWIMGGGTVVMPLVNSGAAPVTELVSLRRAGLDGVQVRDGVATIGAAATFTAVGEQPELAFLRPALRTIASPTIRNQATVGGNLFVAQPYGDLAVCLLALDATCEIAGPDGRRAAPVADVLASGVAAGEVVVAVRVVLPQPGTWYYHKAMRRRLNSAAIVTVASVTSADGGMVDSTRIALGGVASRPVRAVSAERLLRGRPLTHEVLTEAGEAARGDIDPFDDAYASAWYRARVLPVHLRRAFLP,MKPPPFDYRAPRTLEEALEDLAEGGKVLAGGQSLIPLLNMRLAAPERLIDINGVASLDALEVTAAGVRAGALARHAAVERSAEAAAVQPLLRQALRHVAHPVIRNRGTVVGSLAHADPAAELPAVLALLDGHVEAASASGRRTVAAADFFTGPLESALRPEELATAAFFPALPPRTGTAFAELARRHGDYALVGAAALVTLDDDLRVRAARAAYLGVADTPVVLDLTGPAVQGQEGRPPGAVDWSAAAAHAVARVNPGGDIHAGADYRRHLVGVLTGRALAEAARNAPPGGT,FAD binding domain-containing protein,FAD binding domain-containing protein,267,292
18102,18102,0.3382353,0.19220056,0.19273743,203,0.5654596,211,0.59103644,108,875,5102,4970950,63887392,16288847,32194,0.9166666666666666,0.9124755062050948,0.9163660216464414,0.9967341606792944,0.9967061923583662,1118.0,29.0,50.0,21.0,MKFLLMTLISHQPDPISQEKKTPAERLRDVVETAVLAEELGFDGFAVGERHEDPFISSSPPVVLSNIAARTSTISLFTAVTTLSLLDPVRAFEDYSTLDNLSGGRLELIIGKGNGAAQAELFHVTPDDQWDRNREGYELFRALWESDSVTWSGRFRPSLVEAKALPRPLQSRIRVWHGSATSKSSVDLAARYGDPIFSANVTNPIEPYAELIRHYRQQWEFYGHRPEDALVGAGTAGFHIAETSQEAVAAYRFTFEARLAAQRSAGFPVVFDSVEDLVERGSALIGSPQQVIDKVGRYHEQFGHEVIHLSADADGVTPQQQRRSLELFQSAVAPVLRERISSRPLASQRSTLKEVLV,MRLGLNVGYWSSTAANPARAQAWLDVAVEAERLGYSCVWVAEAYGSDAATVLGYLAARTSTIDLGAAVFQIPARTPAMTAMTAATLDTLTGGRFRLGLGVSGPVVSEGWHGVRFDAPLERTREYVEIVRRALRREKLRYSGRHYTLPLPDGPGKPLHLQLRPPRAELPVYLAAIGPRNLELTGEIADGWLPVFFSPEHAGEQVRHLRAGADAAGRPLTGPGGFDIAPSVPVVGPDWRKCADAVRGYAALYLGGMGSREKNFYNAHARRMGFEREADEVQRLYLERNYQAAMQAIPVEFLDATSLLGPVDRIADRLQAYADAGVGTLNVLPFPAGGGSGSLDAVATLRAAAEACDKAGVS,LLM class flavin-dependent oxidoreductase,LLM class F420-dependent oxidoreductase,357,359
41968,41968,0.2850679,0.19565217,0.21538462,220,0.6832298,230,0.8745247,127,7134,12866,56818246,21284582,8074798,312620,0.8943089430894309,0.8655737704918033,0.8802934311437146,0.998032786885246,0.9979647218453188,925.0,28.0,52.5,24.5,MTQTKSRTALVELSGVSKNYGNVRALEGVSLEVHAGEITCVLGDNGAGKSTLIKIIAGLHQHDGGTLSLDGEETRLSSPREALDRGIATVYQDLAVVPLMPVWRNFFLGSEPRKGVAPFKRMDVDHMRRTTHAELLRMGIDLRDVDQPIGTLSGGERQCVAIARAVYFGAKVLVLDEPTAALGVKQSGVVLKYVAAARDQGLGVVLITHNPHHAYLVGDRFVLLKRGTMVAQQLRDEVTLDELTQQMAGGTELDDLRHELERP,MPVVSTRDLTKTFPGVTALDRLTLDVGTGVTGLVGANGAGKSTLIKILLGLERPTSGHARVLDLDVATHAQEIRRYVGYMPEHDCLVPDVSATDFVVHMARMAGLPAASARERTADTLRHVGLYEERYRLVGGYSTGMRQRVKLAQALVHDPRLVFLDEPTNGLDPTGRDEMLDLIRRIGTEFGISVIVTSHLLGELERICDHVVVIDGGRLLRASSTAEFTRVTPVLTVEVVAFDEAGPTNARDRMGQALAARGLRVRADGRCLAVDIADERTYDVVRDTAAELQLGLVRMHQRRHRIAEVFRDGAATPESEEESQHVGAP,ATP-binding cassette domain-containing protein,ABC transporter ATP-binding protein,263,322
7118,7118,0.36057693,0.32608697,0.33333334,208,0.90434784,208,0.94545454,299,7134,5374,27550047,44086126,8074565,312023,0.9047931713722916,0.9036065573770492,0.9053876478318004,0.998032786885246,0.9980250164581962,1074.0,28.0,52.5,24.5,MPITVLVVDDQELMRAGLRMVLGAQPDIEVVGEADNGATAITRTAELRPDVVLMDVRMPVTDGVTATARIIESGCGSRVLVMTTFDLDEHALGALRAGASGFLLKDTPPEDLVSAIRSVAAGDAVVSPKVTKRLLDRLIADTPGSGRDPSILDALTAREREVLEHIAAGRSNAEIAAALFLSEATVKTHVGRVLTKLDLRDRVQAVVLAYETGLVRPGSA,MTTPPDTGPIRVLVVEDHAVVAEGMTALLDEHPDLSVLGWASTVDDAVRIADEERVDVLVVDYWLPDGSGVDAARRIREKRPDTTVVFVSADDSDQAMIAAVEAGASGYLCKTSSSQEIVDAVRRAADGEMLIPAQRLAELLSKCREETRRKSDRAQALESLTTREREILQLMSKGLDNREIAARLNIAYPTVRSHVRRILEKLDARSKLEAVVKAAGAAEELDDSLDAG,response regulator transcription factor,response regulator transcription factor,220,230
19087,19087,0.3148148,0.20731707,0.18853974,161,0.6544715,187,0.6338983,73,7134,11633,99013950,37008312,8073618,312204,0.899672131147541,0.899672131147541,0.9020381328073636,0.99672131147541,0.996704021094265,1034.0,28.0,52.5,24.5,MDGRFTREKLDGALAQACALLGVEARGAKLLRFTNNAVYSLAGAPIVVRIVGSRALRHRAYKVVEVARYFARHGVPAIRLFGDLPQPLELGEHLVTVWERVPGQAGHGTAADLAALLRQVHRLDPPDGVGGWAPLDDVRARVADAEELSAGDRRFLLDRCAEVEEQLAGVEFVLPTALVHGDAHPGNVIAGPDGPVLCDFDSSCAGPPEWDLIPLAVGRERFGDPAGRYRELVDGYGFDVTRWSGFPALRAARELKLTTSVLPILRSHPYVRGQLRMRLADLRAGRTGTRWSRYR,MREELVLGGRRHRVVRVGDTVRRPMPARAAYVHDVLRLLARHGWPGAPRYLGTDDEGREILSYLPGHVAREPAQPPDVWSEESLARVARLVRQLHDLTAGSWLAGDQEVVCHNAVSPENTVYRDEGGRLRPYAFLDWDDAAPGRRVHDVAYLCWRFLRLGTSANPTGPASLLRTIADAYGLTIRDRRALVETILWRQDQCWQTIEARAREGEPTMRRLVEEGHVATIQDAYCWVAAHRTTLEAALF,phosphotransferase,phosphotransferase,295,246
32786,32786,0.31506848,0.18699187,0.118863046,72,0.58536583,76,0.28787878,41,14963,3747,74333953,11389283,28678245,652126,0.9191321499013808,0.9149214659685864,0.9185282522996058,1.0,1.0,1126.0,28.0,52.5,24.5,MTAARERFRELHESGTFVMPNPWDAGSARLLASLGFAALATTSSGFAATLGKLDQQVTRDELVAHVAALTAAVEIPLNVDAERCFAATAAGIAETVDLLAAAGAAGISIEDYDPAADRVETLEAGAERVAAAARACARHGIVLTARAENHLYGRDDLDDTVARLLAYRAAGADVVYAPGLRTPAEITRVVSEVSAPVNVLAVPGAPAVPELAALGVRRVSTGGALAWAAYGALRDAAQELLTTGTTGFRAGALRDDELEAAFTN,MLVVDDDEVIRQLIAVNLQLEGFEVATAVDGQDCLDKVAEVAPDVITLDVMMPRLDGWVTAVRLREDPATRHIGVVMITARAQDHDVRRGHEIGVDAYITKPFDPNDLIRTVRELAAARRAST,isocitrate lyase/phosphoenolpyruvate mutase family protein,response regulator,264,123
28388,28388,0.33125,0.218107,0.2074364,173,0.71193415,157,0.5858209,160,7134,14789,92259860,33219716,8073143,312181,0.897503285151117,0.8957377049180328,0.8980933596318211,0.998032786885246,0.998022412656559,1036.0,28.0,52.5,24.5,MTNPLAAPDPWDVVAEGYDDLTAEMMLPFAQIALDSAEPKSDARVLDVAAGPGTLTLPAAARVARVDAVDFSPSMIERLRGHVRDAGLGNVEAQVGDGQRLPFPDNEFDTAFSMFGLMFFPDRAAGFSELFRVLKPGGGAVVSSWAPISESEFMTLMFGAFRAANPDIPQPQANLLSLENPEVFVSELRAAGFHEVTVQPHTVSKAYDSAEALWDRYSRGSAQVHLMRRNCDADTWKRREQLMIDYLNANYRPGQALSTTAWLGSGRK,MCSTSGCGTGGTTRLAACRARNGHVTGIDLSAPMLDEARRATRAAGLDNIAFEHADAQTRAFPPGGFDAAISRNGVMFFSDPVAAFANVRRALRPRGRLAFSCPQRPEDCEWYVVPVAALLGIPPVGRSVVDAYPGPAPAMFSLADPAHVTALLTRAGFTDVSIDSVEIAQHFGHTVDEAAEAFLGSGPTRYIVEQDAELTYREAHARLTAALGPYATPGGVLLPARYWLVSTENPEVSRDGV,methyltransferase domain-containing protein,methyltransferase domain-containing protein,268,243
